Rank,teamId,league,teamImageId,teamFullName,team,teamAbbrevName,espnTeamId,OfSnap,DrpBk,Att,Rush,EPA/Pl,rushEPA/pl,PassEPA/P,AY/Att,Comp%,1D%,TD,Scs%,G,teamId,null,seasonId,scatterId,scatterExtra,season
1,3200,NFL,3200,New England Patriots,New England Patriots,NE,8818,1191,669,641,523,0.15,0.04,0.25,8.63,62.7%,34.2%,67,50.8%,16,3200,,2012002,2012:3200,2012,2012
2,1540,NFL,1540,Detroit Lions,Detroit Lions,DET,8811,1160,784,740,391,0.01,-0.07,0.07,8.73,60.1%,30.7%,39,45.7%,16,1540,,2012002,2012:1540,2012,2012
3,1400,NFL,1400,Denver Broncos,Denver Broncos,DEN,8810,1156,695,675,461,0.19,-0.01,0.34,7.80,68.3%,34.6%,76,49.8%,16,1400,,2013002,2013:1400,2013,2013
4,3200,NFL,3200,New England Patriots,New England Patriots,NE,8818,1138,667,628,470,0.07,-0.04,0.16,8.45,60.5%,29.4%,47,44.5%,16,3200,,2013002,2013:3200,2013,2013
5,325,NFL,325,Baltimore Ravens,Baltimore Ravens,BAL,8803,1135,607,556,547,0.04,0.02,0.08,8.64,60.1%,29.6%,41,46.3%,16,325,,2018002,2018:325,2018,2018
6,4400,NFL,4400,Los Angeles Chargers,Los Angeles Chargers,LAC,8825,1127,684,627,466,0.09,-0.07,0.19,7.53,65.9%,29.9%,45,45.3%,16,4400,,2020002,2020:4400,2020,2020
6,3700,NFL,3700,Philadelphia Eagles,Philadelphia Eagles,PHI,8823,1127,672,621,474,0.02,-0.07,0.09,8.97,61.8%,29.0%,54,43.3%,16,3700,,2014002,2014:3700,2014,2014
6,2120,NFL,2120,Houston Texans,Houston Texans,HOU,13974,1127,665,619,472,-0.03,-0.11,0.04,9.59,57.8%,26.6%,39,39.4%,16,2120,,2015002,2015:2120,2015,2015
9,3300,NFL,3300,New Orleans Saints,New Orleans Saints,NO,8819,1117,695,662,431,0.20,0.04,0.31,7.65,71.3%,35.5%,66,53.5%,16,3300,,2011002,2011:3300,2011,2011
10,610,NFL,610,Buffalo Bills,Buffalo Bills,BUF,8804,1116,606,522,546,-0.06,-0.01,-0.10,8.63,57.3%,23.5%,34,39.2%,16,610,,2013002,2013:610,2013,2013
11,1200,NFL,1200,Dallas Cowboys,Dallas Cowboys,DAL,8809,1113,707,639,430,0.02,-0.01,0.04,7.43,64.6%,31.1%,42,47.6%,16,1200,,2020002,2020:1200,2020,2020
12,2200,NFL,2200,Indianapolis Colts,Indianapolis Colts,IND,8813,1109,696,628,440,0.04,-0.05,0.09,10.16,54.0%,28.7%,40,43.7%,16,2200,,2012002,2012:2200,2012,2012
13,5110,NFL,5110,Washington Redskins,Washington Redskins,WAS,8831,1107,690,611,453,-0.04,-0.01,-0.04,8.50,58.1%,28.0%,39,42.7%,16,5110,,2013002,2013:5110,2013,2013
14,2200,NFL,2200,Indianapolis Colts,Indianapolis Colts,IND,8813,1105,727,661,415,0.05,-0.18,0.17,8.72,62.0%,30.0%,53,44.7%,16,2200,,2014002,2014:2200,2014,2014
14,3300,NFL,3300,New Orleans Saints,New Orleans Saints,NO,8819,1105,697,674,404,0.12,0.03,0.19,7.15,70.0%,33.5%,55,51.0%,16,3300,,2016002,2016:3300,2016,2016
16,3700,NFL,3700,Philadelphia Eagles,Philadelphia Eagles,PHI,8823,1104,678,613,454,0.04,-0.05,0.11,8.02,63.8%,28.9%,46,46.6%,16,3700,,2019002,2019:3700,2019,2019
17,3700,NFL,3700,Philadelphia Eagles,Philadelphia Eagles,PHI,8823,1102,671,623,442,-0.02,-0.07,0.02,6.81,65.0%,27.5%,45,43.2%,16,3700,,2015002,2015:3700,2015,2015
17,1540,NFL,1540,Detroit Lions,Detroit Lions,DET,8811,1102,665,634,445,0.03,-0.06,0.10,8.27,58.5%,29.7%,48,44.3%,16,1540,,2013002,2013:1540,2013,2013
19,4400,NFL,4400,San Diego Chargers,San Diego Chargers,SD,8825,1100,715,667,393,0.00,-0.14,0.09,7.25,66.3%,28.1%,35,44.0%,16,4400,,2015002,2015:4400,2015,2015
20,920,NFL,920,Cincinnati Bengals,Cincinnati Bengals,CIN,8807,1097,641,587,481,0.02,-0.06,0.10,8.56,62.0%,27.9%,54,43.2%,16,920,,2013002,2013:920,2013,2013
20,200,NFL,200,Atlanta Falcons,Atlanta Falcons,ATL,8802,1097,621,577,497,0.09,-0.03,0.16,8.28,62.6%,28.4%,47,42.6%,16,200,,2010002,2010:200,2010,2010
22,200,NFL,200,Atlanta Falcons,Atlanta Falcons,ATL,8802,1096,754,684,362,0.06,-0.06,0.12,8.03,67.1%,31.2%,42,44.6%,16,200,,2019002,2019:200,2019,2019
22,3300,NFL,3300,New Orleans Saints,New Orleans Saints,NO,8819,1096,700,667,397,0.10,-0.03,0.20,7.81,69.0%,31.5%,51,45.7%,16,3300,,2015002,2015:3300,2015,2015
24,3200,NFL,3200,New England Patriots,New England Patriots,NE,8818,1095,651,620,447,0.02,-0.03,0.08,7.50,61.0%,28.0%,49,42.6%,16,3200,,2019002,2019:3200,2019,2019
24,3300,NFL,3300,New Orleans Saints,New Orleans Saints,NO,8819,1095,697,659,406,0.10,0.01,0.17,7.71,69.2%,32.8%,49,49.4%,16,3300,,2014002,2014:3300,2014,2014
24,3200,NFL,3200,New England Patriots,New England Patriots,NE,8818,1095,617,534,513,0.09,0.06,0.11,7.44,63.5%,30.2%,43,47.7%,16,3200,,2008002,2008:3200,2008,2008
27,325,NFL,325,Baltimore Ravens,Baltimore Ravens,BAL,8803,1090,683,619,423,-0.09,-0.22,-0.00,9.34,58.6%,23.6%,29,36.5%,16,325,,2013002,2013:325,2013,2013
27,2120,NFL,2120,Houston Texans,Houston Texans,HOU,13974,1090,584,554,508,0.05,-0.02,0.14,7.97,63.9%,29.3%,46,45.2%,16,2120,,2012002,2012:2120,2012,2012
27,1400,NFL,1400,Denver Broncos,Denver Broncos,DEN,8810,1090,611,588,481,0.09,-0.10,0.25,8.31,68.4%,31.6%,57,48.8%,16,1400,,2012002,2012:1400,2012,2012
30,2120,NFL,2120,Houston Texans,Houston Texans,HOU,13974,1089,681,633,414,-0.09,-0.05,-0.09,8.15,58.6%,26.4%,28,41.4%,16,2120,,2013002,2013:2120,2013,2013
30,2200,NFL,2200,Indianapolis Colts,Indianapolis Colts,IND,8813,1089,697,680,393,0.11,-0.02,0.17,8.67,66.2%,31.2%,51,48.5%,16,2200,,2010002,2010:2200,2010,2010
32,2510,NFL,2510,Los Angeles Rams,Los Angeles Rams,LA,8828,1088,636,590,473,0.03,-0.01,0.06,6.70,66.4%,30.2%,43,47.7%,16,2510,,2020002,2020:2510,2020,2020
32,2700,NFL,2700,Miami Dolphins,Miami Dolphins,MIA,8816,1088,584,545,509,0.02,0.06,0.00,8.40,60.7%,29.1%,41,46.0%,16,2700,,2009002,2009:2700,2009,2009
34,3430,NFL,3430,New York Jets,New York Jets,NYJ,8821,1087,561,525,534,-0.01,-0.02,0.02,9.26,54.9%,26.6%,39,42.7%,16,3430,,2010002,2010:3430,2010,2010
35,4900,NFL,4900,Tampa Bay Buccaneers,Tampa Bay Buccaneers,TB,8829,1086,708,630,409,0.02,-0.09,0.09,10.31,60.6%,29.9%,54,42.7%,16,4900,,2019002,2019:4900,2019,2019
35,3410,NFL,3410,New York Giants,New York Giants,NYG,8820,1086,642,607,449,0.01,-0.09,0.10,8.29,63.1%,27.7%,44,42.0%,16,3410,,2014002,2014:3410,2014,2014
35,3800,NFL,3800,Arizona Cardinals,Arizona Cardinals,ARI,8801,1086,688,646,399,0.03,-0.03,0.08,9.60,59.3%,30.0%,51,44.8%,16,3800,,2016002,2016:3800,2016,2016
38,1800,NFL,1800,Green Bay Packers,Green Bay Packers,GB,8812,1085,653,630,431,-0.06,-0.11,-0.01,8.79,55.6%,25.6%,32,40.0%,16,1800,,2006002,2006:1800,2006,2006
39,3800,NFL,3800,Arizona Cardinals,Arizona Cardinals,ARI,8801,1083,653,575,479,0.07,0.04,0.11,7.77,67.3%,32.0%,49,46.9%,16,3800,,2020002,2020:3800,2020,2020
39,325,NFL,325,Baltimore Ravens,Baltimore Ravens,BAL,8803,1083,703,676,383,-0.05,-0.10,-0.00,7.52,63.0%,27.7%,33,43.4%,16,325,,2015002,2015:325,2015,2015
41,3200,NFL,3200,New England Patriots,New England Patriots,NE,8818,1082,656,612,438,0.19,0.04,0.29,8.19,65.7%,34.1%,61,52.6%,16,3200,,2011002,2011:3200,2011,2011
42,3700,NFL,3700,Philadelphia Eagles,Philadelphia Eagles,PHI,8823,1080,660,609,438,0.00,-0.06,0.06,7.47,62.4%,28.3%,37,44.1%,16,3700,,2016002,2016:3700,2016,2016
43,3300,NFL,3300,New Orleans Saints,New Orleans Saints,NO,8819,1079,699,651,391,0.12,-0.05,0.22,8.00,68.5%,30.7%,49,46.3%,16,3300,,2013002,2013:3300,2013,2013
43,325,NFL,325,Baltimore Ravens,Baltimore Ravens,BAL,8803,1079,714,679,367,-0.04,-0.04,-0.01,7.43,64.7%,26.3%,32,40.6%,16,325,,2016002,2016:325,2016,2016
43,3700,NFL,3700,Philadelphia Eagles,Philadelphia Eagles,PHI,8823,1079,708,618,413,-0.07,-0.15,-0.03,8.55,59.4%,27.9%,29,42.4%,16,3700,,2012002,2012:3700,2012,2012
46,200,NFL,200,Atlanta Falcons,Atlanta Falcons,ATL,8802,1078,684,628,409,0.08,-0.05,0.18,8.62,65.0%,30.5%,41,44.2%,16,200,,2020002,2020:200,2020,2020
46,1050,NFL,1050,Cleveland Browns,Cleveland Browns,CLE,8808,1078,750,681,348,-0.06,-0.05,-0.05,8.30,55.7%,25.7%,35,39.3%,16,1050,,2013002,2013:1050,2013,2013
46,2250,NFL,2250,Jacksonville Jaguars,Jacksonville Jaguars,JAX,8814,1078,574,527,527,0.04,-0.03,0.12,7.70,60.0%,27.3%,47,41.7%,16,2250,,2017002,2017:2250,2017,2017
49,750,NFL,750,Carolina Panthers,Carolina Panthers,CAR,8805,1077,715,633,386,-0.04,-0.04,-0.04,8.32,60.3%,29.0%,38,42.8%,16,750,,2019002,2019:750,2019,2019
50,3200,NFL,3200,New England Patriots,New England Patriots,NE,8818,1076,619,592,466,0.12,-0.02,0.21,8.34,65.9%,31.2%,50,49.5%,16,3200,,2009002,2009:3200,2009,2009
51,1400,NFL,1400,Denver Broncos,Denver Broncos,DEN,8810,1075,655,566,457,-0.10,-0.08,-0.09,8.39,58.7%,25.3%,31,38.5%,16,1400,,2017002,2017:1400,2017,2017
51,3300,NFL,3300,New Orleans Saints,New Orleans Saints,NO,8819,1075,613,580,472,0.09,-0.02,0.19,7.05,64.1%,28.5%,49,45.8%,16,3300,,2006002,2006:3300,2006,2006
53,3430,NFL,3430,New York Jets,New York Jets,NYJ,8821,1074,660,604,448,0.04,-0.11,0.15,9.18,59.9%,28.8%,44,41.8%,16,3430,,2015002,2015:3430,2015,2015
53,1800,NFL,1800,Green Bay Packers,Green Bay Packers,GB,8812,1074,646,570,459,0.06,0.02,0.11,7.62,64.2%,29.7%,46,44.9%,16,1800,,2013002,2013:1800,2013,2013
55,3200,NFL,3200,New England Patriots,New England Patriots,NE,8818,1073,646,609,438,0.10,-0.02,0.20,8.02,64.4%,30.2%,52,46.7%,16,3200,,2014002,2014:3200,2014,2014
55,200,NFL,200,Atlanta Falcons,Atlanta Falcons,ATL,8802,1073,666,621,420,0.04,-0.10,0.15,7.71,66.0%,30.3%,38,46.7%,16,200,,2015002,2015:200,2015,2015
55,3200,NFL,3200,New England Patriots,New England Patriots,NE,8818,1073,598,574,478,0.10,0.01,0.20,7.82,65.9%,31.4%,51,48.8%,16,3200,,2018002,2018:3200,2018,2018
55,3700,NFL,3700,Philadelphia Eagles,Philadelphia Eagles,PHI,8823,1073,633,564,473,0.06,-0.06,0.17,9.36,60.5%,28.1%,53,42.0%,16,3700,,2017002,2017:3700,2017,2017
55,200,NFL,200,Atlanta Falcons,Atlanta Falcons,ATL,8802,1073,629,594,453,0.06,-0.03,0.14,8.97,61.4%,29.4%,46,43.2%,16,200,,2011002,2011:200,2011,2011
60,2120,NFL,2120,Houston Texans,Houston Texans,HOU,13974,1071,630,583,456,-0.05,-0.09,-0.00,8.53,59.5%,25.7%,25,41.2%,16,2120,,2016002,2016:2120,2016,2016
61,2200,NFL,2200,Indianapolis Colts,Indianapolis Colts,IND,8813,1070,681,644,408,0.09,-0.03,0.18,7.54,67.1%,31.1%,52,49.9%,16,2200,,2018002,2018:2200,2018,2018
61,3200,NFL,3200,New England Patriots,New England Patriots,NE,8818,1070,628,587,448,0.15,-0.01,0.27,9.12,66.3%,31.7%,49,48.6%,16,3200,,2017002,2017:3200,2017,2017
63,1200,NFL,1200,Dallas Cowboys,Dallas Cowboys,DAL,8809,1069,639,597,449,0.15,0.07,0.21,9.36,65.0%,32.6%,49,50.7%,16,1200,,2019002,2019:1200,2019,2019
64,3900,NFL,3900,Pittsburgh Steelers,Pittsburgh Steelers,PIT,8824,1068,643,612,423,0.12,-0.06,0.25,8.54,67.2%,31.9%,49,47.6%,16,3900,,2014002,2014:3900,2014,2014
65,1400,NFL,1400,Denver Broncos,Denver Broncos,DEN,8810,1067,625,607,443,0.11,-0.01,0.23,8.31,65.7%,30.5%,58,46.2%,16,1400,,2014002,2014:1400,2014,2014
65,3300,NFL,3300,New Orleans Saints,New Orleans Saints,NO,8819,1067,697,671,370,0.10,0.01,0.17,8.16,63.0%,31.0%,58,47.1%,16,3300,,2012002,2012:3300,2012,2012
65,3300,NFL,3300,New Orleans Saints,New Orleans Saints,NO,8819,1067,686,661,380,0.07,-0.05,0.14,7.50,68.1%,30.9%,44,47.9%,16,3300,,2010002,2010:3300,2010,2010
68,3700,NFL,3700,Philadelphia Eagles,Philadelphia Eagles,PHI,8823,1066,709,598,403,-0.02,-0.02,0.00,8.90,55.9%,27.3%,42,42.3%,16,3700,,2020002,2020:3700,2020,2020
68,4900,NFL,4900,Tampa Bay Buccaneers,Tampa Bay Buccaneers,TB,8829,1066,641,578,453,0.01,-0.14,0.13,10.07,61.4%,28.1%,41,43.6%,16,4900,,2016002,2016:4900,2016,2016
70,2510,NFL,2510,St. Louis Rams,St. Louis Rams,STL,8828,1065,636,592,424,0.06,-0.01,0.13,9.12,62.7%,28.7%,39,44.9%,16,2510,,2006002,2006:2510,2006,2006
71,325,NFL,325,Baltimore Ravens,Baltimore Ravens,BAL,8803,1064,509,440,596,0.19,0.09,0.32,8.69,65.7%,33.7%,64,49.6%,16,325,,2019002,2019:325,2019,2019
71,1540,NFL,1540,Detroit Lions,Detroit Lions,DET,8811,1064,680,633,404,-0.01,-0.10,0.06,7.14,60.5%,26.5%,41,42.0%,16,1540,,2010002,2010:1540,2010,2010
73,2310,NFL,2310,Kansas City Chiefs,Kansas City Chiefs,KC,8815,1063,523,475,556,0.04,0.01,0.09,8.17,57.7%,27.8%,44,43.1%,16,2310,,2010002,2010:2310,2010,2010
74,2120,NFL,2120,Houston Texans,Houston Texans,HOU,13974,1062,543,485,551,-0.00,-0.07,0.08,8.06,60.8%,26.3%,40,40.3%,16,2120,,2014002,2014:2120,2014,2014
75,750,NFL,750,Carolina Panthers,Carolina Panthers,CAR,8805,1060,617,545,473,0.01,-0.07,0.09,9.69,60.0%,29.8%,36,45.1%,16,750,,2014002,2014:750,2014,2014
75,750,NFL,750,Carolina Panthers,Carolina Panthers,CAR,8805,1060,560,501,526,0.09,0.00,0.18,10.34,59.9%,31.4%,59,45.4%,16,750,,2015002,2015:750,2015,2015
75,4400,NFL,4400,San Diego Chargers,San Diego Chargers,SD,8825,1060,589,544,486,0.12,-0.01,0.26,7.75,69.5%,31.4%,42,48.0%,16,4400,,2013002,2013:4400,2013,2013
75,2510,NFL,2510,Los Angeles Rams,Los Angeles Rams,LA,8828,1060,618,568,459,0.16,0.09,0.22,8.64,64.8%,34.9%,60,51.6%,16,2510,,2018002,2018:2510,2018,2018
75,3300,NFL,3300,New Orleans Saints,New Orleans Saints,NO,8819,1060,671,652,392,0.04,-0.04,0.11,7.04,67.5%,30.8%,47,48.9%,16,3300,,2007002,2007:3300,2007,2007
80,3800,NFL,3800,Arizona Cardinals,Arizona Cardinals,ARI,8801,1059,665,598,409,-0.10,-0.13,-0.06,9.71,56.7%,25.1%,29,38.4%,16,3800,,2017002,2017:3800,2017,2017
81,3900,NFL,3900,Pittsburgh Steelers,Pittsburgh Steelers,PIT,8824,1058,725,689,345,0.12,-0.02,0.21,7.73,66.6%,32.0%,54,47.2%,16,3900,,2018002,2018:3900,2018,2018
81,4500,NFL,4500,San Francisco 49ers,San Francisco 49ers,SF,8826,1058,665,607,408,-0.02,-0.04,0.02,7.92,59.6%,27.8%,31,42.2%,16,4500,,2017002,2017:4500,2017,2017
81,1540,NFL,1540,Detroit Lions,Detroit Lions,DET,8811,1058,714,666,356,0.08,-0.01,0.14,8.21,63.5%,29.8%,57,45.3%,16,1540,,2011002,2011:1540,2011,2011
81,325,NFL,325,Baltimore Ravens,Baltimore Ravens,BAL,8803,1058,478,433,592,-0.02,-0.03,-0.00,9.03,60.3%,26.4%,42,40.2%,16,325,,2008002,2008:325,2008,2008
81,3200,NFL,3200,New England Patriots,New England Patriots,NE,8818,1058,624,586,451,0.24,0.02,0.41,8.60,68.8%,34.7%,75,53.3%,16,3200,,2007002,2007:3200,2007,2007
86,2310,NFL,2310,Kansas City Chiefs,Kansas City Chiefs,KC,8815,1057,694,630,403,0.19,-0.02,0.31,8.08,66.7%,34.5%,57,50.9%,16,2310,,2020002,2020:2310,2020,2020
87,1800,NFL,1800,Green Bay Packers,Green Bay Packers,GB,8812,1056,661,573,436,0.03,-0.07,0.10,8.09,60.7%,25.9%,42,41.9%,16,1800,,2015002,2015:1800,2015,2015
87,1400,NFL,1400,Denver Broncos,Denver Broncos,DEN,8810,1056,656,606,411,-0.04,-0.07,-0.01,9.13,60.7%,27.1%,38,41.0%,16,1400,,2015002,2015:1400,2015,2015
87,3200,NFL,3200,New England Patriots,New England Patriots,NE,8818,1056,593,550,482,0.14,-0.03,0.29,7.75,66.9%,29.5%,51,45.9%,16,3200,,2016002,2016:3200,2016,2016
87,3700,NFL,3700,Philadelphia Eagles,Philadelphia Eagles,PHI,8823,1056,648,606,427,0.00,-0.05,0.03,8.50,59.7%,28.2%,45,44.0%,16,3700,,2008002,2008:3700,2008,2008
87,4600,NFL,4600,Seattle Seahawks,Seattle Seahawks,SEA,8827,1056,643,590,430,0.02,-0.14,0.12,8.16,62.9%,28.8%,44,44.3%,16,4600,,2007002,2007:4600,2007,2007
92,2510,NFL,2510,Los Angeles Rams,Los Angeles Rams,LA,8828,1055,664,632,401,0.02,-0.08,0.10,7.67,62.8%,29.8%,46,46.3%,16,2510,,2019002,2019:2510,2019,2019
92,4900,NFL,4900,Tampa Bay Buccaneers,Tampa Bay Buccaneers,TB,8829,1055,725,625,389,0.07,-0.11,0.17,10.64,65.3%,32.7%,49,46.1%,16,4900,,2018002,2018:4900,2018,2018
92,3000,NFL,3000,Minnesota Vikings,Minnesota Vikings,MIN,8817,1055,573,527,501,0.05,-0.10,0.19,7.60,67.7%,28.1%,41,44.5%,16,3000,,2017002,2017:3000,2017,2017
92,3200,NFL,3200,New England Patriots,New England Patriots,NE,8818,1055,569,527,499,0.06,-0.01,0.13,8.02,61.9%,28.6%,46,44.8%,16,3200,,2006002,2006:3200,2006,2006
96,3700,NFL,3700,Philadelphia Eagles,Philadelphia Eagles,PHI,8823,1054,590,508,500,0.09,-0.00,0.18,9.83,61.0%,31.3%,53,45.6%,16,3700,,2013002,2013:3700,2013,2013
96,325,NFL,325,Baltimore Ravens,Baltimore Ravens,BAL,8803,1054,598,567,460,-0.02,-0.03,-0.02,6.78,64.0%,26.5%,42,41.1%,16,325,,2017002,2017:325,2017,2017
96,3000,NFL,3000,Minnesota Vikings,Minnesota Vikings,MIN,8817,1054,588,553,467,0.11,-0.08,0.25,7.97,68.2%,30.3%,56,44.6%,16,3000,,2009002,2009:3000,2009,2009
99,3410,NFL,3410,New York Giants,New York Giants,NYG,8820,1053,657,623,403,0.04,-0.07,0.12,7.56,62.9%,27.0%,47,44.3%,16,3410,,2015002,2015:3410,2015,2015
99,2510,NFL,2510,St. Louis Rams,St. Louis Rams,STL,8828,1053,637,590,429,-0.07,-0.09,-0.04,6.63,60.0%,25.0%,27,38.7%,16,2510,,2010002,2010:2510,2010,2010
101,3430,NFL,3430,New York Jets,New York Jets,NYJ,8821,1052,587,498,507,-0.05,-0.05,-0.03,8.32,57.6%,25.3%,27,40.7%,16,3430,,2014002,2014:3430,2014,2014
101,2200,NFL,2200,Indianapolis Colts,Indianapolis Colts,IND,8813,1052,688,619,396,-0.05,-0.18,0.01,8.54,57.4%,25.9%,37,40.5%,16,2200,,2015002,2015:2200,2015,2015
101,2250,NFL,2250,Jacksonville Jaguars,Jacksonville Jaguars,JAX,8814,1052,696,626,392,-0.03,-0.13,0.04,8.23,58.9%,26.8%,34,40.9%,16,2250,,2016002,2016:2250,2016,2016
101,750,NFL,750,Carolina Panthers,Carolina Panthers,CAR,8805,1052,608,563,453,-0.01,-0.00,-0.01,10.14,54.4%,27.9%,40,41.2%,16,750,,2016002,2016:750,2016,2016
101,5110,NFL,5110,Washington Redskins,Washington Redskins,WAS,8831,1052,573,525,498,-0.03,-0.15,0.09,8.62,60.8%,28.0%,35,42.6%,16,5110,,2007002,2007:5110,2007,2007
106,5110,NFL,5110,Washington Football Team,Washington Football Team,WAS,8831,1051,667,601,400,-0.01,0.02,-0.02,6.20,64.7%,27.8%,37,42.4%,16,5110,,2020002,2020:5110,2020,2020
106,3900,NFL,3900,Pittsburgh Steelers,Pittsburgh Steelers,PIT,8824,1051,620,590,437,0.09,-0.05,0.19,8.88,65.1%,29.8%,43,45.6%,16,3900,,2017002,2017:3900,2017,2017
108,3200,NFL,3200,New England Patriots,New England Patriots,NE,8818,1050,673,629,383,0.11,-0.02,0.20,7.85,64.2%,30.1%,52,44.9%,16,3200,,2015002,2015:3200,2015,2015
108,920,NFL,920,Cincinnati Bengals,Cincinnati Bengals,CIN,8807,1050,624,563,446,0.06,-0.02,0.13,7.84,64.7%,29.0%,35,45.0%,16,920,,2016002,2016:920,2016,2016
110,920,NFL,920,Cincinnati Bengals,Cincinnati Bengals,CIN,8807,1049,673,616,385,-0.06,-0.05,-0.05,8.06,57.8%,26.3%,28,40.1%,16,920,,2019002,2019:920,2019,2019
110,1200,NFL,1200,Dallas Cowboys,Dallas Cowboys,DAL,8809,1049,701,658,355,0.04,-0.07,0.12,8.79,66.0%,29.8%,41,47.3%,16,1200,,2012002,2012:1200,2012,2012
112,2520,NFL,2520,Oakland Raiders,Oakland Raiders,OAK,8822,1048,628,596,434,0.06,-0.04,0.15,7.71,63.6%,28.2%,47,42.9%,16,2520,,2016002,2016:2520,2016,2016
112,4400,NFL,4400,San Diego Chargers,San Diego Chargers,SD,8825,1048,619,582,436,0.09,-0.03,0.18,8.97,62.9%,31.6%,46,45.6%,16,4400,,2011002,2011:4400,2011,2011
112,200,NFL,200,Atlanta Falcons,Atlanta Falcons,ATL,8802,1048,603,570,451,0.06,0.00,0.11,8.49,58.2%,28.3%,44,43.0%,16,200,,2009002,2009:200,2009,2009
115,3300,NFL,3300,New Orleans Saints,New Orleans Saints,NO,8819,1047,648,636,398,0.12,-0.02,0.21,8.12,64.9%,32.0%,57,49.9%,16,3300,,2008002,2008:3300,2008,2008
115,3700,NFL,3700,Philadelphia Eagles,Philadelphia Eagles,PHI,8823,1047,658,577,421,0.04,0.02,0.07,8.19,60.7%,29.0%,38,45.4%,16,3700,,2007002,2007:3700,2007,2007
117,4500,NFL,4500,San Francisco 49ers,San Francisco 49ers,SF,8826,1046,615,570,437,0.05,-0.01,0.12,6.61,65.1%,30.4%,45,45.9%,16,4500,,2020002,2020:4500,2020,2020
117,4600,NFL,4600,Seattle Seahawks,Seattle Seahawks,SEA,8827,1046,608,517,481,0.03,-0.08,0.14,9.41,66.0%,29.7%,49,47.5%,16,4600,,2019002,2019:4600,2019,2019
117,2120,NFL,2120,Houston Texans,Houston Texans,HOU,13974,1046,506,467,546,0.03,-0.04,0.12,8.17,61.7%,29.3%,41,44.8%,16,2120,,2011002,2011:2120,2011,2011
117,920,NFL,920,Cincinnati Bengals,Cincinnati Bengals,CIN,8807,1046,625,590,428,-0.03,-0.12,0.03,8.43,61.9%,27.8%,36,45.2%,16,920,,2010002,2010:920,2010,2010
121,3300,NFL,3300,New Orleans Saints,New Orleans Saints,NO,8819,1045,570,522,494,0.15,0.11,0.18,6.21,70.9%,33.1%,59,50.4%,16,3300,,2020002,2020:3300,2020,2020
121,1540,NFL,1540,Detroit Lions,Detroit Lions,DET,8811,1045,663,604,396,0.03,-0.08,0.11,8.00,60.4%,27.0%,35,41.1%,16,1540,,2014002,2014:1540,2014,2014
121,4600,NFL,4600,Seattle Seahawks,Seattle Seahawks,SEA,8827,1045,674,609,395,-0.07,-0.09,-0.05,7.10,61.1%,25.3%,30,41.1%,16,4600,,2009002,2009:4600,2009,2009
121,4900,NFL,4900,Tampa Bay Buccaneers,Tampa Bay Buccaneers,TB,8829,1045,618,562,451,-0.03,-0.09,0.03,7.37,63.2%,27.2%,38,44.3%,16,4900,,2008002,2008:4900,2008,2008
121,4600,NFL,4600,Seattle Seahawks,Seattle Seahawks,SEA,8827,1045,574,512,484,-0.05,-0.09,-0.00,9.92,57.0%,26.7%,37,38.8%,16,4600,,2006002,2006:4600,2006,2006
126,3900,NFL,3900,Pittsburgh Steelers,Pittsburgh Steelers,PIT,8824,1043,675,656,373,0.05,-0.07,0.13,7.09,65.2%,27.5%,50,43.5%,16,3900,,2020002,2020:3900,2020,2020
126,810,NFL,810,Chicago Bears,Chicago Bears,CHI,8806,1043,669,614,393,0.02,0.01,0.05,7.94,65.5%,29.8%,40,45.4%,16,810,,2020002,2020:810,2020,2020
126,2120,NFL,2120,Houston Texans,Houston Texans,HOU,13974,1043,630,593,425,0.07,-0.11,0.19,7.76,67.3%,31.1%,46,46.1%,16,2120,,2009002,2009:2120,2009,2009
129,1050,NFL,1050,Cleveland Browns,Cleveland Browns,CLE,8808,1042,703,609,380,-0.06,-0.11,-0.01,8.00,60.9%,26.2%,28,40.6%,16,1050,,2015002,2015:1050,2015,2015
129,1800,NFL,1800,Green Bay Packers,Green Bay Packers,GB,8812,1042,642,558,433,0.09,-0.10,0.22,8.09,67.0%,28.6%,53,45.7%,16,1800,,2012002,2012:1800,2012,2012
129,325,NFL,325,Baltimore Ravens,Baltimore Ravens,BAL,8803,1042,607,560,444,0.01,-0.02,0.06,9.82,59.6%,26.9%,44,42.3%,16,325,,2012002,2012:325,2012,2012
129,1800,NFL,1800,Green Bay Packers,Green Bay Packers,GB,8812,1042,635,553,438,0.11,-0.03,0.20,9.18,64.6%,29.1%,54,44.3%,16,1800,,2009002,2009:1800,2009,2009
129,325,NFL,325,Baltimore Ravens,Baltimore Ravens,BAL,8803,1042,613,557,446,-0.09,-0.09,-0.07,8.19,61.2%,26.0%,28,39.8%,16,325,,2007002,2007:325,2007,2007
129,810,NFL,810,Chicago Bears,Chicago Bears,CHI,8806,1042,539,514,503,-0.02,-0.01,-0.02,8.88,54.9%,25.3%,47,40.3%,16,810,,2006002,2006:810,2006,2006
135,3800,NFL,3800,Arizona Cardinals,Arizona Cardinals,ARI,8801,1041,590,562,452,0.14,-0.04,0.29,10.83,62.8%,31.6%,58,46.9%,16,3800,,2015002,2015:3800,2015,2015
135,3410,NFL,3410,New York Giants,New York Giants,NYG,8820,1041,580,544,469,-0.02,0.02,-0.03,8.78,55.5%,27.5%,44,44.6%,16,3410,,2007002,2007:3410,2007,2007
135,3900,NFL,3900,Pittsburgh Steelers,Pittsburgh Steelers,PIT,8824,1041,583,523,469,0.02,-0.06,0.09,9.51,59.7%,28.9%,42,42.0%,16,3900,,2006002,2006:3900,2006,2006
138,920,NFL,920,Cincinnati Bengals,Cincinnati Bengals,CIN,8807,1040,650,581,411,-0.01,-0.04,0.02,8.14,64.0%,28.2%,33,44.5%,16,920,,2020002,2020:920,2020,2020
138,2700,NFL,2700,Miami Dolphins,Miami Dolphins,MIA,8816,1040,647,595,399,0.03,-0.02,0.08,7.83,66.2%,31.3%,42,49.1%,16,2700,,2014002,2014:2700,2014,2014
138,2120,NFL,2120,Houston Texans,Houston Texans,HOU,13974,1040,620,506,472,0.05,-0.07,0.16,8.57,68.2%,28.5%,42,43.5%,16,2120,,2018002,2018:2120,2018,2018
138,2700,NFL,2700,Miami Dolphins,Miami Dolphins,MIA,8816,1040,618,557,445,-0.05,-0.11,-0.00,8.48,60.1%,26.9%,26,41.5%,16,2700,,2010002,2010:2700,2010,2010
142,2520,NFL,2520,Oakland Raiders,Oakland Raiders,OAK,8822,1039,565,491,504,-0.00,0.03,-0.00,8.62,56.8%,26.2%,44,40.0%,16,2520,,2010002,2010:2520,2010,2010
142,4400,NFL,4400,San Diego Chargers,San Diego Chargers,SD,8825,1039,593,544,457,0.10,-0.08,0.25,8.48,66.0%,31.8%,51,45.0%,16,4400,,2010002,2010:4400,2010,2010
144,3700,NFL,3700,Philadelphia Eagles,Philadelphia Eagles,PHI,8823,1038,668,561,428,0.09,0.05,0.12,8.99,62.0%,29.4%,49,44.7%,16,3700,,2010002,2010:3700,2010,2010
145,3800,NFL,3800,Arizona Cardinals,Arizona Cardinals,ARI,8801,1037,619,574,422,-0.01,-0.07,0.05,9.21,63.2%,27.9%,41,41.0%,16,3800,,2013002,2013:3800,2013,2013
145,3700,NFL,3700,Philadelphia Eagles,Philadelphia Eagles,PHI,8823,1037,653,599,398,0.06,-0.02,0.13,7.44,70.5%,30.4%,41,46.0%,16,3700,,2018002,2018:3700,2018,2018
145,2200,NFL,2200,Indianapolis Colts,Indianapolis Colts,IND,8813,1037,668,584,409,0.07,-0.09,0.16,8.30,63.4%,30.2%,47,46.2%,16,2200,,2016002,2016:2200,2016,2016
145,1540,NFL,1540,Detroit Lions,Detroit Lions,DET,8811,1037,651,585,409,-0.12,-0.06,-0.16,8.55,54.0%,24.1%,28,39.2%,16,1540,,2009002,2009:1540,2009,2009
145,2100,NFL,2100,Tennessee Titans,Tennessee Titans,TEN,8830,1037,545,464,543,-0.05,-0.11,0.01,8.91,62.1%,27.9%,28,43.3%,16,2100,,2007002,2007:2100,2007,2007
150,2520,NFL,2520,Las Vegas Raiders,Las Vegas Raiders,LV,8822,1036,602,551,457,0.11,0.01,0.20,8.15,67.0%,31.6%,48,47.9%,16,2520,,2020002,2020:2520,2020,2020
150,3410,NFL,3410,New York Giants,New York Giants,NYG,8820,1036,650,608,394,-0.08,-0.09,-0.06,7.22,61.3%,23.6%,28,42.0%,16,3410,,2017002,2017:3410,2017,2017
150,325,NFL,325,Baltimore Ravens,Baltimore Ravens,BAL,8803,1036,586,544,459,0.02,-0.06,0.10,9.25,57.7%,26.9%,41,40.4%,16,325,,2011002,2011:325,2011,2011
150,3700,NFL,3700,Philadelphia Eagles,Philadelphia Eagles,PHI,8823,1036,647,554,450,0.05,0.03,0.07,9.71,59.6%,31.9%,46,47.4%,16,3700,,2011002,2011:3700,2011,2011
154,200,NFL,200,Atlanta Falcons,Atlanta Falcons,ATL,8802,1035,682,632,372,0.04,-0.09,0.12,7.71,66.1%,29.8%,42,45.3%,16,200,,2014002,2014:200,2014,2014
154,4600,NFL,4600,Seattle Seahawks,Seattle Seahawks,SEA,8827,1035,590,489,500,0.09,-0.06,0.26,8.47,68.1%,30.7%,49,48.0%,16,4600,,2015002,2015:4600,2015,2015
154,1200,NFL,1200,Dallas Cowboys,Dallas Cowboys,DAL,8809,1035,636,576,428,0.02,-0.04,0.09,6.77,65.8%,29.5%,46,44.3%,16,1200,,2010002,2010:1200,2010,2010
154,3410,NFL,3410,New York Giants,New York Giants,NYG,8820,1035,564,539,480,0.00,-0.08,0.08,9.17,62.9%,29.4%,48,46.1%,16,3410,,2010002,2010:3410,2010,2010
154,810,NFL,810,Chicago Bears,Chicago Bears,CHI,8806,1035,613,569,423,-0.10,-0.12,-0.06,8.23,57.5%,23.4%,34,37.7%,16,810,,2007002,2007:810,2007,2007
159,610,NFL,610,Buffalo Bills,Buffalo Bills,BUF,8804,1034,652,596,411,0.17,-0.06,0.32,8.61,68.8%,34.7%,60,52.5%,16,610,,2020002,2020:610,2020,2020
159,4900,NFL,4900,Tampa Bay Buccaneers,Tampa Bay Buccaneers,TB,8829,1034,677,605,389,0.02,-0.09,0.10,10.20,62.5%,30.9%,38,44.3%,16,4900,,2017002,2017:4900,2017,2017
159,3430,NFL,3430,New York Jets,New York Jets,NYJ,8821,1034,554,493,494,-0.10,-0.04,-0.14,8.92,55.2%,25.5%,31,41.1%,16,3430,,2012002,2012:3430,2012,2012
159,2700,NFL,2700,Miami Dolphins,Miami Dolphins,MIA,8816,1034,638,591,402,-0.08,-0.11,-0.05,8.17,57.9%,25.3%,26,40.7%,16,2700,,2006002,2006:2700,2006,2006
163,2200,NFL,2200,Indianapolis Colts,Indianapolis Colts,IND,8813,1032,572,552,459,0.11,0.02,0.20,7.17,67.2%,32.0%,50,46.2%,16,2200,,2020002,2020:2200,2020,2020
163,2100,NFL,2100,Tennessee Titans,Tennessee Titans,TEN,8830,1032,609,533,462,0.03,-0.07,0.12,9.00,61.5%,26.6%,41,42.3%,16,2100,,2013002,2013:2100,2013,2013
163,2520,NFL,2520,Oakland Raiders,Oakland Raiders,OAK,8822,1032,662,629,376,-0.06,-0.16,0.02,8.43,59.8%,26.4%,28,40.5%,16,2520,,2012002,2012:2520,2012,2012
163,5110,NFL,5110,Washington Redskins,Washington Redskins,WAS,8831,1032,641,591,400,-0.06,-0.04,-0.05,8.92,58.5%,27.4%,28,41.6%,16,5110,,2011002,2011:5110,2011,2011
163,3300,NFL,3300,New Orleans Saints,New Orleans Saints,NO,8819,1032,569,544,468,0.16,0.04,0.26,8.25,69.5%,32.0%,64,49.5%,16,3300,,2009002,2009:3300,2009,2009
163,1400,NFL,1400,Denver Broncos,Denver Broncos,DEN,8810,1032,602,558,440,-0.01,-0.06,0.03,7.18,61.1%,27.2%,34,43.6%,16,1400,,2009002,2009:1400,2009,2009
169,2100,NFL,2100,Tennessee Titans,Tennessee Titans,TEN,8830,1031,532,485,521,0.21,0.10,0.32,8.37,65.2%,33.5%,62,50.7%,16,2100,,2020002,2020:2100,2020,2020
170,1400,NFL,1400,Denver Broncos,Denver Broncos,DEN,8810,1030,611,556,442,-0.04,-0.04,-0.03,9.01,57.0%,26.2%,35,40.0%,16,1400,,2020002,2020:1400,2020,2020
170,1540,NFL,1540,Detroit Lions,Detroit Lions,DET,8811,1030,702,632,354,0.03,-0.08,0.09,6.54,66.5%,29.8%,42,45.3%,16,1540,,2015002,2015:1540,2015,2015
170,3430,NFL,3430,New York Jets,New York Jets,NYJ,8821,1030,603,547,443,-0.06,-0.04,-0.06,8.13,56.7%,25.7%,45,40.8%,16,3430,,2011002,2011:3430,2011,2011
170,3430,NFL,3430,New York Jets,New York Jets,NYJ,8821,1030,438,393,607,-0.05,0.03,-0.14,9.32,53.4%,25.5%,37,39.0%,16,3430,,2009002,2009:3430,2009,2009
174,2310,NFL,2310,Kansas City Chiefs,Kansas City Chiefs,KC,8815,1029,635,546,442,0.01,-0.03,0.06,6.51,61.0%,28.1%,52,41.9%,16,2310,,2013002,2013:2310,2013,2013
174,1800,NFL,1800,Green Bay Packers,Green Bay Packers,GB,8812,1029,697,620,374,0.14,-0.08,0.26,8.69,65.0%,30.4%,51,46.2%,16,1800,,2016002,2016:1800,2016,2016
174,2120,NFL,2120,Houston Texans,Houston Texans,HOU,13974,1029,607,574,423,0.12,0.08,0.13,7.71,63.6%,33.0%,44,47.8%,16,2120,,2010002,2010:2120,2010,2010
177,3410,NFL,3410,New York Giants,New York Giants,NYG,8820,1028,626,589,411,0.06,-0.07,0.16,9.80,61.0%,29.2%,47,43.5%,16,3410,,2011002,2011:3410,2011,2011
178,2120,NFL,2120,Houston Texans,Houston Texans,HOU,13974,1027,603,525,448,-0.02,-0.06,0.03,9.91,57.0%,25.9%,40,41.0%,16,2120,,2017002,2017:2120,2017,2017
179,1800,NFL,1800,Green Bay Packers,Green Bay Packers,GB,8812,1026,727,640,333,0.07,0.03,0.11,8.85,61.3%,29.8%,41,46.3%,16,1800,,2018002,2018:1800,2018,2018
179,750,NFL,750,Carolina Panthers,Carolina Panthers,CAR,8805,1026,565,501,490,0.00,-0.07,0.06,8.48,58.5%,28.1%,40,41.8%,16,750,,2017002,2017:750,2017,2017
179,3900,NFL,3900,Pittsburgh Steelers,Pittsburgh Steelers,PIT,8824,1026,617,596,409,0.09,-0.02,0.18,8.69,63.9%,29.9%,47,45.2%,16,3900,,2016002,2016:3900,2016,2016
179,5110,NFL,5110,Washington Redskins,Washington Redskins,WAS,8831,1026,571,510,478,-0.04,-0.07,0.01,6.91,62.4%,26.7%,27,42.6%,16,5110,,2008002,2008:5110,2008,2008
179,2510,NFL,2510,St. Louis Rams,St. Louis Rams,STL,8828,1026,622,574,404,-0.11,-0.09,-0.09,9.02,58.0%,25.1%,27,38.6%,16,2510,,2007002,2007:2510,2007,2007
184,810,NFL,810,Chicago Bears,Chicago Bears,CHI,8806,1025,573,523,468,0.01,-0.03,0.06,8.27,63.9%,27.8%,34,44.4%,16,810,,2015002,2015:810,2015,2015
184,3000,NFL,3000,Minnesota Vikings,Minnesota Vikings,MIN,8817,1025,604,540,442,-0.10,-0.05,-0.11,7.85,61.5%,24.0%,32,40.2%,16,3000,,2006002,2006:3000,2006,2006
186,1050,NFL,1050,Cleveland Browns,Cleveland Browns,CLE,8808,1024,650,570,415,-0.08,-0.11,-0.05,7.38,56.1%,24.4%,21,41.1%,16,1050,,2011002,2011:1050,2011,2011
187,3000,NFL,3000,Minnesota Vikings,Minnesota Vikings,MIN,8817,1023,569,516,468,0.14,0.06,0.24,7.91,67.6%,34.3%,55,50.9%,16,3000,,2020002,2020:3000,2020,2020
187,2200,NFL,2200,Indianapolis Colts,Indianapolis Colts,IND,8813,1023,657,582,409,0.07,-0.04,0.12,8.14,60.1%,27.3%,40,44.0%,16,2200,,2013002,2013:2200,2013,2013
187,3900,NFL,3900,Pittsburgh Steelers,Pittsburgh Steelers,PIT,8824,1023,638,586,394,-0.00,-0.13,0.09,8.46,64.3%,28.2%,41,43.1%,16,3900,,2013002,2013:3900,2013,2013
187,200,NFL,200,Atlanta Falcons,Atlanta Falcons,ATL,8802,1023,709,659,321,0.04,-0.04,0.09,6.80,67.5%,28.4%,40,44.5%,16,200,,2013002,2013:200,2013,2013
187,1050,NFL,1050,Cleveland Browns,Cleveland Browns,CLE,8808,1023,636,574,411,0.02,-0.03,0.06,9.50,61.5%,27.6%,44,41.9%,16,1050,,2018002,2018:1050,2018,2018
187,3900,NFL,3900,Pittsburgh Steelers,Pittsburgh Steelers,PIT,8824,1023,618,574,412,-0.02,-0.14,0.08,8.60,61.7%,27.6%,36,41.3%,16,3900,,2012002,2012:3900,2012,2012
187,750,NFL,750,Carolina Panthers,Carolina Panthers,CAR,8805,1023,502,465,525,-0.03,0.01,-0.05,9.16,56.8%,26.9%,35,41.6%,16,750,,2009002,2009:750,2009,2009
194,1050,NFL,1050,Cleveland Browns,Cleveland Browns,CLE,8808,1022,547,501,495,0.11,0.02,0.20,8.44,62.9%,32.1%,50,46.7%,16,1050,,2020002,2020:1050,2020,2020
194,4600,NFL,4600,Seattle Seahawks,Seattle Seahawks,SEA,8827,1022,665,563,411,0.12,0.02,0.20,8.59,68.9%,32.0%,55,49.2%,16,4600,,2020002,2020:4600,2020,2020
194,2700,NFL,2700,Miami Dolphins,Miami Dolphins,MIA,8816,1022,710,615,349,-0.04,-0.18,0.03,8.84,60.3%,26.8%,34,40.7%,16,2700,,2019002,2019:2700,2019,2019
194,1200,NFL,1200,Dallas Cowboys,Dallas Cowboys,DAL,8809,1022,611,527,439,0.05,0.03,0.07,7.56,67.6%,29.1%,36,44.3%,16,1200,,2018002,2018:1200,2018,2018
194,2250,NFL,2250,Jacksonville Jaguars,Jacksonville Jaguars,JAC,8814,1022,522,469,522,0.11,0.05,0.18,9.69,61.4%,30.0%,50,44.6%,16,2250,,2007002,2007:2250,2007,2007
199,2700,NFL,2700,Miami Dolphins,Miami Dolphins,MIA,8816,1021,622,559,428,0.05,-0.07,0.14,7.63,66.2%,30.1%,42,48.7%,16,2700,,2020002,2020:2700,2020,2020
199,1540,NFL,1540,Detroit Lions,Detroit Lions,DET,8811,1021,638,571,407,0.01,-0.09,0.10,9.58,60.2%,27.2%,38,43.8%,16,1540,,2019002,2019:1540,2019,2019
199,325,NFL,325,Baltimore Ravens,Baltimore Ravens,BAL,8803,1021,576,554,448,0.07,-0.02,0.17,8.27,62.1%,30.1%,46,44.2%,16,325,,2014002,2014:325,2014,2014
199,4600,NFL,4600,Seattle Seahawks,Seattle Seahawks,SEA,8827,1021,546,454,525,0.07,0.04,0.15,8.19,63.2%,29.8%,43,45.2%,16,4600,,2014002,2014:4600,2014,2014
199,200,NFL,200,Atlanta Falcons,Atlanta Falcons,ATL,8802,1021,663,615,378,0.09,-0.13,0.21,8.14,68.6%,31.0%,46,46.4%,16,200,,2012002,2012:200,2012,2012
199,2310,NFL,2310,Kansas City Chiefs,Kansas City Chiefs,KC,8815,1021,552,500,487,-0.09,-0.13,-0.03,8.41,59.8%,24.7%,20,38.5%,16,2310,,2011002,2011:2310,2011,2011
199,3410,NFL,3410,New York Giants,New York Giants,NYG,8820,1021,524,491,502,0.09,0.05,0.11,9.09,60.7%,30.0%,45,45.8%,16,3410,,2008002,2008:3410,2008,2008
206,1800,NFL,1800,Green Bay Packers,Green Bay Packers,GB,8812,1020,634,573,411,0.08,-0.01,0.14,8.74,62.1%,27.5%,44,44.0%,16,1800,,2019002,2019:1800,2019,2019
206,810,NFL,810,Chicago Bears,Chicago Bears,CHI,8806,1020,646,580,395,-0.05,-0.12,0.01,7.82,64.0%,25.8%,30,41.3%,16,810,,2019002,2019:810,2019,2019
206,2250,NFL,2250,Jacksonville Jaguars,Jacksonville Jaguars,JAX,8814,1020,682,589,389,-0.03,-0.08,0.02,7.59,61.8%,26.2%,29,39.6%,16,2250,,2019002,2019:2250,2019,2019
206,610,NFL,610,Buffalo Bills,Buffalo Bills,BUF,8804,1020,630,579,402,-0.05,-0.09,-0.00,7.24,62.7%,24.6%,34,41.3%,16,610,,2014002,2014:610,2014,2014
206,2250,NFL,2250,Jacksonville Jaguars,Jacksonville Jaguars,JAC,8814,1020,659,592,378,-0.14,-0.15,-0.12,6.61,59.0%,24.2%,25,37.2%,16,2250,,2013002,2013:2250,2013,2013
206,3430,NFL,3430,New York Jets,New York Jets,NYJ,8821,1020,561,480,493,-0.09,-0.05,-0.10,9.01,55.4%,25.4%,27,38.4%,16,3430,,2013002,2013:3430,2013,2013
206,4400,NFL,4400,Los Angeles Chargers,Los Angeles Chargers,LAC,8825,1020,601,583,419,0.08,-0.06,0.19,8.20,62.8%,29.8%,43,43.6%,16,4400,,2017002,2017:4400,2017,2017
206,1400,NFL,1400,Denver Broncos,Denver Broncos,DEN,8810,1020,629,570,410,-0.03,-0.11,0.02,8.78,59.5%,25.2%,35,41.4%,16,1400,,2016002,2016:1400,2016,2016
206,1200,NFL,1200,Dallas Cowboys,Dallas Cowboys,DAL,8809,1020,596,550,436,0.10,0.02,0.19,7.73,63.1%,30.7%,43,46.6%,16,1200,,2009002,2009:1200,2009,2009
206,2200,NFL,2200,Indianapolis Colts,Indianapolis Colts,IND,8813,1020,576,551,446,0.15,0.05,0.25,8.84,64.4%,32.5%,54,48.7%,16,2200,,2007002,2007:2200,2007,2007
216,1540,NFL,1540,Detroit Lions,Detroit Lions,DET,8811,1019,627,574,404,0.02,-0.04,0.07,6.93,65.3%,28.7%,35,43.6%,16,1540,,2018002,2018:1540,2018,2018
216,2250,NFL,2250,Jacksonville Jaguars,Jacksonville Jaguars,JAC,8814,1019,536,469,512,0.04,0.07,0.03,8.42,62.0%,30.3%,41,46.3%,16,2250,,2010002,2010:2250,2010,2010
216,2310,NFL,2310,Kansas City Chiefs,Kansas City Chiefs,KC,8815,1019,606,536,438,-0.10,-0.10,-0.10,8.25,55.2%,22.6%,31,36.5%,16,2310,,2009002,2009:2310,2009,2009
216,2120,NFL,2120,Houston Texans,Houston Texans,HOU,13974,1019,598,555,432,0.04,0.01,0.06,7.57,66.1%,31.0%,40,46.1%,16,2120,,2008002,2008:2120,2008,2008
216,1400,NFL,1400,Denver Broncos,Denver Broncos,DEN,8810,1019,653,620,387,0.09,0.03,0.14,9.13,62.3%,32.0%,42,50.2%,16,1400,,2008002,2008:1400,2008,2008
221,610,NFL,610,Buffalo Bills,Buffalo Bills,BUF,8804,1018,593,513,465,-0.01,-0.05,0.04,9.13,58.3%,27.7%,35,41.9%,16,610,,2019002,2019:610,2019,2019
221,920,NFL,920,Cincinnati Bengals,Cincinnati Bengals,CIN,8807,1018,545,503,492,0.01,0.03,0.01,7.62,64.2%,28.1%,40,43.4%,16,920,,2014002,2014:920,2014,2014
221,3410,NFL,3410,New York Giants,New York Giants,NYG,8820,1018,623,598,398,-0.04,-0.10,0.02,7.86,63.0%,25.8%,36,41.0%,16,3410,,2016002,2016:3410,2016,2016
221,3800,NFL,3800,Arizona Cardinals,Arizona Cardinals,ARI,8801,1018,676,608,352,-0.23,-0.18,-0.24,8.00,55.4%,22.2%,25,35.1%,16,3800,,2012002,2012:3800,2012,2012
221,325,NFL,325,Baltimore Ravens,Baltimore Ravens,BAL,8803,1018,542,491,487,0.03,-0.08,0.11,9.00,62.7%,26.7%,40,41.3%,16,325,,2010002,2010:325,2010,2010
221,1400,NFL,1400,Denver Broncos,Denver Broncos,DEN,8810,1018,642,580,398,-0.00,-0.15,0.09,9.63,57.6%,28.0%,40,40.3%,16,1400,,2010002,2010:1400,2010,2010
227,4900,NFL,4900,Tampa Bay Buccaneers,Tampa Bay Buccaneers,TB,8829,1017,650,626,369,0.16,0.00,0.26,9.00,65.5%,31.5%,59,46.6%,16,4900,,2020002,2020:4900,2020,2020
227,2120,NFL,2120,Houston Texans,Houston Texans,HOU,13974,1017,634,534,434,0.08,0.01,0.16,8.90,66.5%,31.0%,46,47.1%,16,2120,,2019002,2019:2120,2019,2019
227,4900,NFL,4900,Tampa Bay Buccaneers,Tampa Bay Buccaneers,TB,8829,1017,596,535,455,0.03,-0.05,0.12,9.98,58.3%,29.5%,37,44.6%,16,4900,,2015002,2015:4900,2015,2015
227,1400,NFL,1400,Denver Broncos,Denver Broncos,DEN,8810,1017,507,429,546,-0.08,-0.07,-0.07,10.99,50.6%,25.5%,36,38.9%,16,1400,,2011002,2011:1400,2011,2011
227,1200,NFL,1200,Dallas Cowboys,Dallas Cowboys,DAL,8809,1017,616,570,408,0.05,-0.06,0.15,7.66,66.0%,30.5%,39,46.8%,16,1200,,2011002,2011:1200,2011,2011
227,3410,NFL,3410,New York Giants,New York Giants,NYG,8820,1017,582,542,443,0.07,-0.06,0.17,8.88,62.4%,29.2%,46,43.7%,16,3410,,2009002,2009:3410,2009,2009
227,325,NFL,325,Baltimore Ravens,Baltimore Ravens,BAL,8803,1017,555,524,476,-0.02,-0.13,0.10,7.86,62.6%,26.1%,38,39.3%,16,325,,2006002,2006:325,2006,2006
234,2200,NFL,2200,Indianapolis Colts,Indianapolis Colts,IND,8813,1016,576,513,471,0.03,0.05,0.03,7.98,59.8%,29.1%,42,45.5%,16,2200,,2019002,2019:2200,2019,2019
234,610,NFL,610,Buffalo Bills,Buffalo Bills,BUF,8804,1016,560,465,509,0.03,-0.00,0.09,10.19,63.4%,27.3%,45,42.9%,16,610,,2015002,2015:610,2015,2015
234,920,NFL,920,Cincinnati Bengals,Cincinnati Bengals,CIN,8807,1016,602,540,430,-0.02,-0.01,-0.00,8.63,62.0%,26.4%,43,42.2%,16,920,,2012002,2012:920,2012,2012
234,3800,NFL,3800,Arizona Cardinals,Arizona Cardinals,ARI,8801,1016,619,590,402,-0.01,-0.08,0.06,8.70,60.3%,27.6%,49,43.5%,16,3800,,2007002,2007:3800,2007,2007
234,4400,NFL,4400,San Diego Chargers,San Diego Chargers,SD,8825,1016,502,466,522,0.14,0.13,0.17,9.03,61.6%,30.1%,59,45.4%,16,4400,,2006002,2006:4400,2006,2006
239,1400,NFL,1400,Denver Broncos,Denver Broncos,DEN,8810,1015,632,588,393,0.01,0.03,0.02,7.48,62.4%,28.4%,39,43.9%,16,1400,,2018002,2018:1400,2018,2018
239,2310,NFL,2310,Kansas City Chiefs,Kansas City Chiefs,KC,8815,1015,537,475,500,-0.14,-0.06,-0.19,8.25,57.5%,25.8%,18,39.2%,16,2310,,2012002,2012:2310,2012,2012
239,3900,NFL,3900,Pittsburgh Steelers,Pittsburgh Steelers,PIT,8824,1015,594,539,434,0.04,-0.03,0.11,9.29,63.3%,31.2%,36,47.1%,16,3900,,2011002,2011:3900,2011,2011
239,2520,NFL,2520,Oakland Raiders,Oakland Raiders,OAK,8822,1015,564,524,466,0.00,0.01,0.03,10.33,60.1%,29.2%,38,43.3%,16,2520,,2011002,2011:2520,2011,2011
239,920,NFL,920,Cincinnati Bengals,Cincinnati Bengals,CIN,8807,1015,584,535,455,-0.03,-0.05,0.00,8.36,57.6%,24.9%,35,40.5%,16,920,,2011002,2011:920,2011,2011
239,3900,NFL,3900,Pittsburgh Steelers,Pittsburgh Steelers,PIT,8824,1015,568,506,460,-0.03,-0.06,0.01,9.29,59.9%,26.8%,38,42.0%,16,3900,,2008002,2008:3900,2008,2008
239,1200,NFL,1200,Dallas Cowboys,Dallas Cowboys,DAL,8809,1015,563,506,472,0.08,-0.00,0.17,9.16,61.3%,30.0%,52,45.6%,16,1200,,2006002,2006:1200,2006,2006
246,1200,NFL,1200,Dallas Cowboys,Dallas Cowboys,DAL,8809,1014,516,476,508,0.13,-0.01,0.29,8.87,68.9%,30.7%,56,47.9%,16,1200,,2014002,2014:1200,2014,2014
246,4400,NFL,4400,San Diego Chargers,San Diego Chargers,SD,8825,1014,622,580,398,0.03,-0.06,0.10,8.47,60.2%,30.0%,48,43.3%,16,4400,,2016002,2016:4400,2016,2016
246,325,NFL,325,Baltimore Ravens,Baltimore Ravens,BAL,8803,1014,559,510,468,0.08,0.06,0.09,8.70,62.9%,29.8%,47,44.6%,16,325,,2009002,2009:325,2009,2009
246,3900,NFL,3900,Pittsburgh Steelers,Pittsburgh Steelers,PIT,8824,1014,595,536,428,0.06,-0.04,0.14,9.12,65.5%,30.2%,41,46.0%,16,3900,,2009002,2009:3900,2009,2009
246,3000,NFL,3000,Minnesota Vikings,Minnesota Vikings,MIN,8817,1014,509,452,519,-0.01,-0.01,-0.03,8.54,59.1%,26.5%,41,40.9%,16,3000,,2008002,2008:3000,2008,2008
251,810,NFL,810,Chicago Bears,Chicago Bears,CHI,8806,1013,626,579,404,0.08,-0.04,0.17,8.69,64.4%,31.3%,52,45.0%,16,810,,2013002,2013:810,2013,2013
251,3000,NFL,3000,Minnesota Vikings,Minnesota Vikings,MIN,8817,1013,627,546,423,0.00,0.07,-0.02,8.64,59.5%,27.4%,45,39.9%,16,3000,,2013002,2013:3000,2013,2013
251,810,NFL,810,Chicago Bears,Chicago Bears,CHI,8806,1013,582,512,468,0.06,-0.06,0.18,8.74,67.2%,28.1%,50,45.7%,16,810,,2018002,2018:810,2018,2018
251,2510,NFL,2510,St. Louis Rams,St. Louis Rams,STL,8828,1013,615,549,409,-0.16,-0.12,-0.16,8.82,53.2%,23.5%,18,36.3%,16,2510,,2011002,2011:2510,2011,2011
251,3430,NFL,3430,New York Jets,New York Jets,NYJ,8821,1013,534,488,491,0.00,-0.07,0.08,7.41,64.1%,25.7%,35,43.8%,16,3430,,2006002,2006:3430,2006,2006
256,4500,NFL,4500,San Francisco 49ers,San Francisco 49ers,SF,8826,1012,524,478,498,0.09,-0.02,0.21,6.52,69.2%,30.1%,56,43.9%,16,4500,,2019002,2019:4500,2019,2019
256,3410,NFL,3410,New York Giants,New York Giants,NYG,8820,1012,677,607,362,-0.03,-0.05,-0.01,8.05,61.9%,27.3%,44,42.5%,16,3410,,2019002,2019:3410,2019,2019
256,2250,NFL,2250,Jacksonville Jaguars,Jacksonville Jaguars,JAC,8814,1012,683,607,354,-0.01,-0.17,0.08,9.20,58.5%,28.0%,44,42.4%,16,2250,,2015002,2015:2250,2015,2015
256,4600,NFL,4600,Seattle Seahawks,Seattle Seahawks,SEA,8827,1012,499,427,534,0.11,0.04,0.22,8.98,65.6%,28.6%,52,44.0%,16,4600,,2018002,2018:4600,2018,2018
256,610,NFL,610,Buffalo Bills,Buffalo Bills,BUF,8804,1012,571,474,492,0.08,0.08,0.09,9.45,60.3%,29.7%,49,45.3%,16,610,,2016002,2016:610,2016,2016
256,4600,NFL,4600,Seattle Seahawks,Seattle Seahawks,SEA,8827,1012,641,567,403,0.03,-0.10,0.13,8.55,64.9%,28.5%,37,44.1%,16,4600,,2016002,2016:4600,2016,2016
256,1800,NFL,1800,Green Bay Packers,Green Bay Packers,GB,8812,1012,599,541,437,0.05,-0.04,0.12,9.09,63.4%,27.8%,48,44.1%,16,1800,,2008002,2008:1800,2008,2008
263,3300,NFL,3300,New Orleans Saints,New Orleans Saints,NO,8819,1011,615,581,405,0.11,-0.01,0.21,6.44,71.9%,32.3%,52,49.1%,16,3300,,2019002,2019:3300,2019,2019
263,3900,NFL,3900,Pittsburgh Steelers,Pittsburgh Steelers,PIT,8824,1011,637,590,388,0.09,0.00,0.16,9.98,66.3%,29.5%,45,45.0%,16,3900,,2015002,2015:3900,2015,2015
263,5110,NFL,5110,Washington Redskins,Washington Redskins,WAS,8831,1011,586,555,429,0.04,-0.13,0.18,8.03,69.5%,28.6%,44,44.1%,16,5110,,2015002,2015:5110,2015,2015
263,750,NFL,750,Carolina Panthers,Carolina Panthers,CAR,8805,1011,623,563,416,0.09,0.06,0.12,7.39,67.1%,32.5%,46,48.7%,16,750,,2018002,2018:750,2018,2018
263,920,NFL,920,Cincinnati Bengals,Cincinnati Bengals,CIN,8807,1011,519,477,505,-0.01,-0.03,0.04,8.35,60.0%,26.5%,34,43.3%,16,920,,2009002,2009:920,2009,2009
263,200,NFL,200,Atlanta Falcons,Atlanta Falcons,ATL,8802,1011,465,434,560,0.08,0.01,0.14,9.21,61.1%,28.5%,43,43.6%,16,200,,2008002,2008:200,2008,2008
263,3430,NFL,3430,New York Jets,New York Jets,NYJ,8821,1011,575,512,446,-0.05,-0.05,-0.04,8.18,60.5%,26.2%,26,41.8%,16,3430,,2007002,2007:3430,2007,2007
263,2200,NFL,2200,Indianapolis Colts,Indianapolis Colts,IND,8813,1011,574,557,439,0.17,0.01,0.30,9.71,65.0%,34.9%,50,52.5%,16,2200,,2006002,2006:2200,2006,2006
271,1050,NFL,1050,Cleveland Browns,Cleveland Browns,CLE,8808,1010,550,502,477,-0.04,-0.07,0.00,10.04,54.6%,26.4%,32,38.3%,16,1050,,2014002,2014:1050,2014,2014
271,3300,NFL,3300,New Orleans Saints,New Orleans Saints,NO,8819,1010,547,519,471,0.19,0.05,0.32,7.26,73.4%,34.1%,60,52.5%,16,3300,,2018002,2018:3300,2018,2018
271,200,NFL,200,Atlanta Falcons,Atlanta Falcons,ATL,8802,1010,675,617,351,0.11,-0.07,0.22,8.54,69.4%,31.9%,49,48.0%,16,200,,2018002,2018:200,2018,2018
271,610,NFL,610,Buffalo Bills,Buffalo Bills,BUF,8804,1010,566,476,487,-0.05,-0.08,-0.01,8.71,60.7%,25.1%,31,39.6%,16,610,,2017002,2017:610,2017,2017
271,1200,NFL,1200,Dallas Cowboys,Dallas Cowboys,DAL,8809,1010,537,483,499,0.14,0.04,0.25,8.03,67.3%,33.0%,49,49.5%,16,1200,,2016002,2016:1200,2016,2016
271,2250,NFL,2250,Jacksonville Jaguars,Jacksonville Jaguars,JAC,8814,1010,595,519,447,0.02,0.04,0.00,8.37,60.7%,28.1%,34,43.4%,16,2250,,2009002,2009:2250,2009,2009
277,4500,NFL,4500,San Francisco 49ers,San Francisco 49ers,SF,8826,1009,588,487,470,-0.01,-0.12,0.08,9.75,60.0%,26.7%,33,42.0%,16,4500,,2014002,2014:4500,2014,2014
277,4400,NFL,4400,San Diego Chargers,San Diego Chargers,SD,8825,1009,630,574,398,0.05,-0.09,0.15,8.57,66.2%,28.6%,40,42.6%,16,4400,,2014002,2014:4400,2014,2014
277,5110,NFL,5110,Washington Football Team,Washington Football Team,WAS,8831,1009,636,607,379,0.11,0.02,0.19,8.73,67.1%,31.2%,43,48.2%,16,5110,,2016002,2016:5110,2016,2016
280,2520,NFL,2520,Oakland Raiders,Oakland Raiders,OAK,8822,1008,654,605,370,-0.01,-0.08,0.05,7.84,61.7%,26.5%,42,41.5%,16,2520,,2015002,2015:2520,2015,2015
280,610,NFL,610,Buffalo Bills,Buffalo Bills,BUF,8804,1008,596,499,468,-0.12,-0.09,-0.13,9.90,54.3%,24.3%,29,37.3%,16,610,,2018002,2018:610,2018,2018
280,1050,NFL,1050,Cleveland Browns,Cleveland Browns,CLE,8808,1008,673,574,384,-0.11,-0.01,-0.14,9.04,54.4%,25.2%,27,37.7%,16,1050,,2017002,2017:1050,2017,2017
280,2100,NFL,2100,Tennessee Titans,Tennessee Titans,TEN,8830,1008,552,504,476,0.06,-0.01,0.12,9.42,60.9%,28.8%,46,46.2%,16,2100,,2016002,2016:2100,2016,2016
280,4900,NFL,4900,Tampa Bay Buccaneers,Tampa Bay Buccaneers,TB,8829,1008,609,566,416,0.01,-0.00,0.03,10.04,54.9%,27.5%,44,40.5%,16,4900,,2012002,2012:4900,2012,2012
280,920,NFL,920,Cincinnati Bengals,Cincinnati Bengals,CIN,8807,1008,593,575,416,0.03,-0.03,0.10,9.23,64.9%,29.2%,41,46.7%,16,920,,2007002,2007:920,2007,2007
286,4600,NFL,4600,Seattle Seahawks,Seattle Seahawks,SEA,8827,1007,650,555,409,0.00,-0.15,0.10,9.78,61.3%,26.5%,43,40.8%,16,4600,,2017002,2017:4600,2017,2017
286,3000,NFL,3000,Minnesota Vikings,Minnesota Vikings,MIN,8817,1007,598,510,448,-0.02,0.04,-0.05,8.83,56.1%,27.5%,39,39.7%,16,3000,,2011002,2011:3000,2011,2011
288,5110,NFL,5110,Washington Redskins,Washington Redskins,WAS,8831,1006,629,547,401,-0.02,-0.04,0.01,7.60,66.5%,27.2%,33,42.5%,16,5110,,2014002,2014:5110,2014,2014
288,3000,NFL,3000,Minnesota Vikings,Minnesota Vikings,MIN,8817,1006,634,588,380,-0.01,-0.19,0.12,6.59,70.4%,27.3%,36,43.2%,16,3000,,2016002,2016:3000,2016,2016
290,810,NFL,810,Chicago Bears,Chicago Bears,CHI,8806,1005,671,609,355,-0.02,-0.05,0.02,7.34,65.0%,28.4%,40,44.2%,16,810,,2014002,2014:810,2014,2014
290,2250,NFL,2250,Jacksonville Jaguars,Jacksonville Jaguars,JAX,8814,1005,643,536,416,-0.10,-0.10,-0.08,7.05,61.4%,25.5%,25,43.5%,16,2250,,2018002,2018:2250,2018,2018
290,1200,NFL,1200,Dallas Cowboys,Dallas Cowboys,DAL,8809,1005,555,493,480,0.03,0.07,0.01,8.01,62.7%,28.8%,42,45.6%,16,1200,,2017002,2017:1200,2017,2017
290,2250,NFL,2250,Jacksonville Jaguars,Jacksonville Jaguars,JAC,8814,1005,614,537,426,0.01,0.02,0.02,8.63,62.4%,28.9%,35,44.5%,16,2250,,2008002,2008:2250,2008,2008
294,920,NFL,920,Cincinnati Bengals,Cincinnati Bengals,CIN,8807,1004,572,505,467,0.09,-0.07,0.23,8.78,66.1%,28.9%,50,46.0%,16,920,,2015002,2015:920,2015,2015
294,1050,NFL,1050,Cleveland Browns,Cleveland Browns,CLE,8808,1004,567,545,440,-0.00,-0.04,0.05,8.39,56.0%,30.1%,46,43.7%,16,1050,,2007002,2007:1050,2007,2007
294,2310,NFL,2310,Kansas City Chiefs,Kansas City Chiefs,KC,8815,1004,501,450,513,0.01,-0.02,0.05,8.37,60.4%,28.8%,37,42.8%,16,2310,,2006002,2006:2310,2006,2006
297,4500,NFL,4500,San Francisco 49ers,San Francisco 49ers,SF,8826,1003,593,532,423,-0.00,-0.06,0.06,7.16,62.2%,29.8%,35,43.9%,16,4500,,2018002,2018:4500,2018,2018
297,3000,NFL,3000,Minnesota Vikings,Minnesota Vikings,MIN,8817,1003,660,606,357,-0.01,-0.10,0.05,7.25,70.1%,28.3%,42,44.6%,16,3000,,2018002,2018:3000,2018,2018
297,3430,NFL,3430,New York Jets,New York Jets,NYJ,8821,1003,612,550,418,-0.05,-0.02,-0.05,8.91,56.5%,26.1%,28,41.4%,16,3430,,2016002,2016:3430,2016,2016
297,4600,NFL,4600,Seattle Seahawks,Seattle Seahawks,SEA,8827,1003,580,509,444,-0.08,-0.08,-0.04,9.05,58.7%,24.1%,35,37.8%,16,4600,,2011002,2011:4600,2011,2011
297,3410,NFL,3410,New York Giants,New York Giants,NYG,8820,1003,550,523,455,-0.00,0.01,0.02,7.98,57.6%,28.2%,41,45.3%,16,3410,,2006002,2006:3410,2006,2006
302,2510,NFL,2510,St. Louis Rams,St. Louis Rams,STL,8828,1002,605,557,410,-0.03,-0.08,0.02,8.23,59.6%,26.7%,32,42.2%,16,2510,,2012002,2012:2510,2012,2012
302,2250,NFL,2250,Jacksonville Jaguars,Jacksonville Jaguars,JAC,8814,1002,536,469,489,-0.15,-0.08,-0.19,7.63,51.2%,22.5%,25,36.7%,16,2250,,2011002,2011:2250,2011,2011
302,5110,NFL,5110,Washington Redskins,Washington Redskins,WAS,8831,1002,664,605,351,-0.06,-0.07,-0.04,8.15,57.7%,26.5%,33,40.4%,16,5110,,2010002,2010:5110,2010,2010
305,1800,NFL,1800,Green Bay Packers,Green Bay Packers,GB,8812,1001,595,536,435,0.16,-0.08,0.34,8.08,65.1%,32.6%,58,46.8%,16,1800,,2014002,2014:1800,2014,2014
305,2700,NFL,2700,Miami Dolphins,Miami Dolphins,MIA,8816,1001,662,594,349,-0.03,-0.10,0.02,9.58,60.1%,26.6%,34,42.4%,16,2700,,2013002,2013:2700,2013,2013
305,3000,NFL,3000,Minnesota Vikings,Minnesota Vikings,MIN,8817,1001,555,483,486,0.03,0.02,0.05,6.92,62.1%,27.6%,39,42.2%,16,3000,,2012002,2012:3000,2012,2012
305,2310,NFL,2310,Kansas City Chiefs,Kansas City Chiefs,KC,8815,1001,623,563,383,-0.12,-0.12,-0.09,7.93,59.5%,23.7%,24,38.3%,16,2310,,2007002,2007:2310,2007,2007
309,3800,NFL,3800,Arizona Cardinals,Arizona Cardinals,ARI,8801,1000,633,554,396,0.05,0.06,0.06,7.57,64.1%,28.5%,38,43.7%,16,3800,,2019002,2019:3800,2019,2019
309,2520,NFL,2520,Oakland Raiders,Oakland Raiders,OAK,8822,1000,601,519,437,-0.05,-0.04,-0.02,8.06,57.4%,25.8%,37,39.7%,16,2520,,2013002,2013:2520,2013,2013
309,3300,NFL,3300,New Orleans Saints,New Orleans Saints,NO,8819,1000,558,536,444,0.12,0.06,0.18,6.38,72.0%,31.2%,51,47.1%,16,3300,,2017002,2017:3300,2017,2017
309,2510,NFL,2510,Los Angeles Rams,Los Angeles Rams,LA,8828,1000,554,518,454,0.06,-0.02,0.13,7.83,61.8%,28.2%,51,43.1%,16,2510,,2017002,2017:2510,2017,2017
309,1800,NFL,1800,Green Bay Packers,Green Bay Packers,GB,8812,1000,625,541,421,0.08,-0.08,0.18,9.22,65.1%,29.2%,46,45.4%,16,1800,,2010002,2010:1800,2010,2010
309,3900,NFL,3900,Pittsburgh Steelers,Pittsburgh Steelers,PIT,8824,1000,508,442,511,0.06,-0.06,0.20,10.00,63.8%,28.7%,46,42.3%,16,3900,,2007002,2007:3900,2007,2007
309,2520,NFL,2520,Oakland Raiders,Oakland Raiders,OAK,8822,1000,517,451,508,-0.09,-0.09,-0.03,8.44,57.6%,24.4%,30,40.8%,16,2520,,2007002,2007:2520,2007,2007
309,200,NFL,200,Atlanta Falcons,Atlanta Falcons,ATL,8802,1000,512,416,537,-0.01,0.02,-0.02,11.68,53.4%,26.7%,32,40.9%,16,200,,2006002,2006:200,2006,2006
317,750,NFL,750,Carolina Panthers,Carolina Panthers,CAR,8805,999,553,473,483,0.06,-0.02,0.13,8.96,61.7%,29.1%,42,42.4%,16,750,,2013002,2013:750,2013,2013
317,1800,NFL,1800,Green Bay Packers,Green Bay Packers,GB,8812,999,649,562,386,0.01,0.00,0.02,7.26,62.6%,27.5%,40,44.4%,16,1800,,2017002,2017:1800,2017,2017
317,810,NFL,810,Chicago Bears,Chicago Bears,CHI,8806,999,557,485,470,-0.06,-0.08,-0.01,9.96,59.2%,26.2%,42,39.1%,16,810,,2012002,2012:810,2012,2012
317,750,NFL,750,Carolina Panthers,Carolina Panthers,CAR,8805,999,600,519,445,0.11,0.16,0.10,9.45,60.1%,31.4%,48,44.8%,16,750,,2011002,2011:750,2011,2011
317,3800,NFL,3800,Arizona Cardinals,Arizona Cardinals,ARI,8801,999,583,545,419,-0.02,-0.10,0.06,8.03,59.1%,27.1%,33,42.0%,16,3800,,2006002,2006:3800,2006,2006
322,1050,NFL,1050,Cleveland Browns,Cleveland Browns,CLE,8808,998,617,566,396,-0.07,-0.02,-0.08,7.52,58.0%,25.7%,31,39.6%,16,1050,,2012002,2012:1050,2012,2012
322,2510,NFL,2510,St. Louis Rams,St. Louis Rams,STL,8828,998,602,543,411,-0.16,-0.08,-0.20,7.03,57.5%,23.8%,17,39.1%,16,2510,,2009002,2009:2510,2009,2009
322,3800,NFL,3800,Arizona Cardinals,Arizona Cardinals,ARI,8801,998,657,630,340,0.04,-0.11,0.14,7.42,66.3%,30.4%,51,44.5%,16,3800,,2008002,2008:3800,2008,2008
325,2250,NFL,2250,Jacksonville Jaguars,Jacksonville Jaguars,JAX,8814,997,686,616,337,-0.01,0.00,-0.01,7.84,62.8%,28.6%,37,43.8%,16,2250,,2020002,2020:2250,2020,2020
325,4400,NFL,4400,Los Angeles Chargers,Los Angeles Chargers,LAC,8825,997,635,597,366,0.05,-0.06,0.13,8.50,66.0%,31.1%,37,46.9%,16,4400,,2019002,2019:4400,2019,2019
327,2310,NFL,2310,Kansas City Chiefs,Kansas City Chiefs,KC,8815,996,637,583,387,0.23,0.04,0.36,9.04,66.0%,34.8%,71,50.9%,16,2310,,2018002,2018:2310,2018,2018
327,4500,NFL,4500,San Francisco 49ers,San Francisco 49ers,SF,8826,996,589,491,458,-0.05,-0.09,-0.00,8.17,58.5%,26.9%,36,41.3%,16,4500,,2016002,2016:4500,2016,2016
329,2520,NFL,2520,Oakland Raiders,Oakland Raiders,OAK,8822,995,609,556,387,-0.04,-0.07,0.01,6.81,68.7%,28.4%,30,46.9%,16,2520,,2018002,2018:2520,2018,2018
329,2700,NFL,2700,Miami Dolphins,Miami Dolphins,MIA,8816,995,645,602,360,-0.09,-0.10,-0.06,8.11,62.0%,25.4%,31,39.9%,16,2700,,2017002,2017:2700,2017,2017
329,200,NFL,200,Atlanta Falcons,Atlanta Falcons,ATL,8802,995,590,537,421,0.20,0.05,0.33,8.64,69.6%,34.9%,63,47.9%,16,200,,2016002,2016:200,2016,2016
332,2520,NFL,2520,Oakland Raiders,Oakland Raiders,OAK,8822,994,663,629,337,-0.13,-0.18,-0.09,7.88,58.0%,23.0%,28,36.8%,16,2520,,2014002,2014:2520,2014,2014
332,2200,NFL,2200,Indianapolis Colts,Indianapolis Colts,IND,8813,994,582,487,451,-0.08,-0.07,-0.07,7.55,58.5%,24.3%,25,38.6%,16,2200,,2017002,2017:2200,2017,2017
332,5110,NFL,5110,Washington Redskins,Washington Redskins,WAS,8831,994,518,442,519,0.11,0.03,0.23,8.61,65.8%,31.7%,52,46.1%,16,5110,,2012002,2012:5110,2012,2012
332,2250,NFL,2250,Jacksonville Jaguars,Jacksonville Jaguars,JAC,8814,994,653,586,358,-0.12,-0.09,-0.11,8.53,56.0%,23.4%,26,38.8%,16,2250,,2012002,2012:2250,2012,2012
332,920,NFL,920,Cincinnati Bengals,Cincinnati Bengals,CIN,8807,994,561,523,435,0.05,-0.06,0.15,9.90,62.5%,28.9%,43,44.2%,16,920,,2006002,2006:920,2006,2006
332,750,NFL,750,Carolina Panthers,Carolina Panthers,CAR,8805,994,577,539,423,-0.04,-0.08,-0.00,8.10,60.3%,26.0%,28,41.1%,16,750,,2006002,2006:750,2006,2006
338,325,NFL,325,Baltimore Ravens,Baltimore Ravens,BAL,8803,993,486,406,555,0.12,0.13,0.15,8.67,63.3%,30.9%,55,46.4%,16,325,,2020002,2020:325,2020,2020
338,750,NFL,750,Carolina Panthers,Carolina Panthers,CAR,8805,993,622,550,407,0.05,-0.02,0.10,7.46,67.8%,30.4%,38,45.7%,16,750,,2020002,2020:750,2020,2020
338,3800,NFL,3800,Arizona Cardinals,Arizona Cardinals,ARI,8801,993,611,568,397,-0.01,-0.12,0.08,10.59,56.3%,26.0%,32,38.0%,16,3800,,2014002,2014:3800,2014,2014
338,4500,NFL,4500,San Francisco 49ers,San Francisco 49ers,SF,8826,993,521,451,498,-0.01,-0.08,0.07,7.63,61.4%,25.3%,35,40.3%,16,4500,,2011002,2011:4500,2011,2011
338,3800,NFL,3800,Arizona Cardinals,Arizona Cardinals,ARI,8801,993,627,550,389,-0.05,-0.03,-0.06,8.87,55.8%,26.0%,37,40.9%,16,3800,,2011002,2011:3800,2011,2011
338,3900,NFL,3900,Pittsburgh Steelers,Pittsburgh Steelers,PIT,8824,993,532,479,471,0.05,-0.07,0.16,9.39,62.2%,28.3%,41,41.9%,16,3900,,2010002,2010:3900,2010,2010
344,610,NFL,610,Buffalo Bills,Buffalo Bills,BUF,8804,992,626,578,391,0.02,0.04,0.02,7.66,61.6%,28.2%,43,43.8%,16,610,,2011002,2011:610,2011,2011
345,1540,NFL,1540,Detroit Lions,Detroit Lions,DET,8811,991,635,582,367,0.06,-0.05,0.14,8.54,64.3%,31.6%,45,46.2%,16,1540,,2020002,2020:1540,2020,2020
345,810,NFL,810,Chicago Bears,Chicago Bears,CHI,8806,991,564,528,434,-0.07,-0.09,-0.06,8.23,57.6%,25.3%,42,40.4%,16,810,,2008002,2008:810,2008,2008
347,1800,NFL,1800,Green Bay Packers,Green Bay Packers,GB,8812,990,568,526,443,0.23,0.06,0.37,7.84,70.7%,33.3%,66,51.2%,16,1800,,2020002,2020:1800,2020,2020
347,2310,NFL,2310,Kansas City Chiefs,Kansas City Chiefs,KC,8815,990,600,546,412,0.03,-0.05,0.11,6.84,66.8%,28.6%,42,42.6%,16,2310,,2016002,2016:2310,2016,2016
347,2700,NFL,2700,Miami Dolphins,Miami Dolphins,MIA,8816,990,544,469,469,-0.03,-0.07,0.01,9.78,59.7%,25.8%,33,39.0%,16,2700,,2011002,2011:2700,2011,2011
347,2100,NFL,2100,Tennessee Titans,Tennessee Titans,TEN,8830,990,521,476,499,0.04,0.03,0.06,8.88,56.9%,27.2%,39,40.9%,16,2100,,2009002,2009:2100,2009,2009
351,2520,NFL,2520,Oakland Raiders,Oakland Raiders,OAK,8822,989,562,523,437,0.06,-0.04,0.16,6.64,70.2%,30.1%,37,47.4%,16,2520,,2019002,2019:2520,2019,2019
351,750,NFL,750,Carolina Panthers,Carolina Panthers,CAR,8805,989,555,505,451,-0.07,-0.06,-0.06,8.25,56.4%,23.0%,28,38.5%,16,750,,2007002,2007:750,2007,2007
351,2700,NFL,2700,Miami Dolphins,Miami Dolphins,MIA,8816,989,610,558,389,-0.06,-0.02,-0.06,8.09,57.0%,27.2%,29,41.5%,16,2700,,2007002,2007:2700,2007,2007
351,2250,NFL,2250,Jacksonville Jaguars,Jacksonville Jaguars,JAC,8814,989,514,446,513,0.02,0.05,0.02,8.67,59.6%,27.7%,42,41.9%,16,2250,,2006002,2006:2250,2006,2006
355,2250,NFL,2250,Jacksonville Jaguars,Jacksonville Jaguars,JAC,8814,988,649,557,360,-0.12,-0.07,-0.14,7.29,58.3%,24.3%,27,36.6%,16,2250,,2014002,2014:2250,2014,2014
355,3410,NFL,3410,New York Giants,New York Giants,NYG,8820,988,613,567,381,-0.12,-0.16,-0.08,9.47,57.3%,25.6%,32,41.1%,16,3410,,2013002,2013:3410,2013,2013
355,4400,NFL,4400,San Diego Chargers,San Diego Chargers,SD,8825,988,586,528,411,-0.05,-0.12,0.02,7.50,64.0%,26.8%,39,41.1%,16,4400,,2012002,2012:4400,2012,2012
355,750,NFL,750,Carolina Panthers,Carolina Panthers,CAR,8805,988,560,490,462,0.06,-0.03,0.14,9.31,58.0%,29.8%,44,44.0%,16,750,,2012002,2012:750,2012,2012
355,1800,NFL,1800,Green Bay Packers,Green Bay Packers,GB,8812,988,635,552,395,0.22,-0.10,0.42,9.15,68.1%,32.3%,70,47.5%,16,1800,,2011002,2011:1800,2011,2011
355,3700,NFL,3700,Philadelphia Eagles,Philadelphia Eagles,PHI,8823,988,603,544,416,0.05,-0.04,0.14,8.27,59.4%,29.9%,49,45.0%,16,3700,,2006002,2006:3700,2006,2006
361,200,NFL,200,Atlanta Falcons,Atlanta Falcons,ATL,8802,987,616,555,385,-0.11,-0.08,-0.09,7.21,60.5%,23.7%,26,38.1%,16,200,,2007002,2007:200,2007,2007
362,3200,NFL,3200,New England Patriots,New England Patriots,NE,8818,986,537,507,454,0.18,0.09,0.27,7.93,65.3%,31.9%,65,47.5%,16,3200,,2010002,2010:3200,2010,2010
363,2310,NFL,2310,Kansas City Chiefs,Kansas City Chiefs,KC,8815,985,615,543,405,0.09,-0.03,0.18,7.74,66.9%,29.7%,42,43.5%,16,2310,,2017002,2017:2310,2017,2017
363,3800,NFL,3800,Arizona Cardinals,Arizona Cardinals,ARI,8801,985,619,594,365,0.00,-0.07,0.06,7.71,66.0%,29.6%,46,45.6%,16,3800,,2009002,2009:3800,2009,2009
363,1800,NFL,1800,Green Bay Packers,Green Bay Packers,GB,8812,985,600,578,388,0.08,-0.06,0.19,7.67,66.3%,28.3%,49,44.8%,16,1800,,2007002,2007:1800,2007,2007
366,3410,NFL,3410,New York Giants,New York Giants,NYG,8820,984,633,583,354,0.05,0.02,0.10,7.50,65.5%,28.4%,39,40.5%,16,3410,,2018002,2018:3410,2018,2018
366,200,NFL,200,Atlanta Falcons,Atlanta Falcons,ATL,8802,984,568,530,430,0.06,-0.07,0.19,9.00,64.7%,30.6%,36,46.8%,16,200,,2017002,2017:200,2017,2017
366,3430,NFL,3430,New York Jets,New York Jets,NYJ,8821,984,572,510,427,-0.04,-0.10,0.04,7.73,63.3%,23.8%,32,37.2%,16,3430,,2017002,2017:3430,2017,2017
366,2100,NFL,2100,Tennessee Titans,Tennessee Titans,TEN,8830,984,619,584,376,-0.02,-0.09,0.04,8.07,60.4%,26.0%,34,38.6%,16,2100,,2011002,2011:2100,2011,2011
366,920,NFL,920,Cincinnati Bengals,Cincinnati Bengals,CIN,8807,984,602,513,420,-0.14,-0.17,-0.12,7.46,59.1%,22.9%,20,39.1%,16,920,,2008002,2008:920,2008,2008
371,1050,NFL,1050,Cleveland Browns,Cleveland Browns,CLE,8808,983,656,567,350,-0.03,-0.08,0.01,8.56,59.6%,26.9%,29,38.9%,16,1050,,2016002,2016:1050,2016,2016
371,610,NFL,610,Buffalo Bills,Buffalo Bills,BUF,8804,983,570,511,442,-0.01,-0.01,0.01,7.77,60.5%,28.4%,40,43.5%,16,610,,2012002,2012:610,2012,2012
373,5110,NFL,5110,Washington Football Team,Washington Football Team,WAS,8831,982,604,540,401,-0.02,-0.11,0.06,7.69,64.3%,26.2%,39,41.0%,16,5110,,2017002,2017:5110,2017,2017
373,3000,NFL,3000,Minnesota Vikings,Minnesota Vikings,MIN,8817,982,563,505,441,-0.09,-0.06,-0.10,8.58,60.4%,26.8%,33,42.6%,16,3000,,2010002,2010:3000,2010,2010
373,2510,NFL,2510,St. Louis Rams,St. Louis Rams,STL,8828,982,574,520,417,-0.16,-0.09,-0.18,8.96,56.2%,23.9%,20,38.5%,16,2510,,2008002,2008:2510,2008,2008
376,3000,NFL,3000,Minnesota Vikings,Minnesota Vikings,MIN,8817,981,602,517,413,0.00,-0.02,0.02,7.63,62.3%,26.6%,35,42.1%,16,3000,,2014002,2014:3000,2014,2014
376,4900,NFL,4900,Tampa Bay Buccaneers,Tampa Bay Buccaneers,TB,8829,981,575,514,420,-0.07,-0.06,-0.05,9.17,56.6%,23.6%,31,35.9%,16,4900,,2013002,2013:4900,2013,2013
376,1540,NFL,1540,Detroit Lions,Detroit Lions,DET,8811,981,654,594,350,0.09,-0.10,0.20,7.44,65.3%,29.9%,36,44.2%,16,1540,,2016002,2016:1540,2016,2016
376,2700,NFL,2700,Miami Dolphins,Miami Dolphins,MIA,8816,981,552,504,440,-0.04,-0.05,-0.02,8.61,58.1%,25.6%,31,42.6%,16,2700,,2012002,2012:2700,2012,2012
376,3430,NFL,3430,New York Jets,New York Jets,NYJ,8821,981,563,529,422,0.03,0.05,0.01,7.82,65.6%,28.5%,48,47.4%,16,3430,,2008002,2008:3430,2008,2008
381,1540,NFL,1540,Detroit Lions,Detroit Lions,DET,8811,980,634,570,363,0.00,-0.17,0.12,8.00,65.6%,27.3%,46,40.6%,16,1540,,2017002,2017:1540,2017,2017
381,2200,NFL,2200,Indianapolis Colts,Indianapolis Colts,IND,8813,980,618,601,366,0.15,-0.03,0.24,8.82,66.9%,31.6%,53,47.7%,16,2200,,2009002,2009:2200,2009,2009
381,4400,NFL,4400,San Diego Chargers,San Diego Chargers,SD,8825,980,503,471,485,-0.01,-0.06,0.07,8.58,59.7%,26.7%,49,40.3%,16,4400,,2007002,2007:4400,2007,2007
384,3200,NFL,3200,New England Patriots,New England Patriots,NE,8818,979,499,440,502,0.02,0.09,-0.02,6.81,64.3%,30.6%,36,46.8%,16,3200,,2020002,2020:3200,2020,2020
384,1200,NFL,1200,Dallas Cowboys,Dallas Cowboys,DAL,8809,979,588,547,401,-0.02,-0.01,0.01,9.28,60.0%,27.9%,43,43.1%,16,1200,,2008002,2008:1200,2008,2008
384,5110,NFL,5110,Washington Redskins,Washington Redskins,WAS,8831,979,505,470,490,0.01,0.00,0.06,8.49,58.3%,27.9%,34,42.0%,16,5110,,2006002,2006:5110,2006,2006
387,810,NFL,810,Chicago Bears,Chicago Bears,CHI,8806,978,548,473,456,-0.10,-0.07,-0.09,8.86,56.7%,25.6%,38,39.0%,16,810,,2011002,2011:810,2011,2011
388,2700,NFL,2700,Miami Dolphins,Miami Dolphins,MIA,8816,977,638,588,344,-0.02,-0.06,0.02,8.77,62.1%,27.2%,39,40.2%,16,2700,,2015002,2015:2700,2015,2015
389,2310,NFL,2310,Kansas City Chiefs,Kansas City Chiefs,KC,8815,976,623,576,375,0.15,-0.05,0.26,8.52,65.6%,31.1%,50,47.7%,16,2310,,2019002,2019:2310,2019,2019
389,2100,NFL,2100,Tennessee Titans,Tennessee Titans,TEN,8830,976,620,551,371,-0.08,-0.11,-0.04,8.82,62.1%,26.7%,37,40.8%,16,2100,,2015002,2015:2100,2015,2015
389,1400,NFL,1400,Denver Broncos,Denver Broncos,DEN,8810,976,557,515,429,0.00,-0.06,0.08,8.21,63.3%,29.0%,34,44.2%,16,1400,,2007002,2007:1400,2007,2007
392,3700,NFL,3700,Philadelphia Eagles,Philadelphia Eagles,PHI,8823,975,608,553,384,0.05,-0.03,0.10,8.66,60.6%,27.6%,47,42.7%,16,3700,,2009002,2009:3700,2009,2009
392,4900,NFL,4900,Tampa Bay Buccaneers,Tampa Bay Buccaneers,TB,8829,975,548,490,449,-0.01,-0.08,0.07,7.46,64.5%,26.7%,36,44.1%,16,4900,,2007002,2007:4900,2007,2007
392,1200,NFL,1200,Dallas Cowboys,Dallas Cowboys,DAL,8809,975,571,531,419,0.11,-0.01,0.22,8.86,64.4%,30.8%,54,45.1%,16,1200,,2007002,2007:1200,2007,2007
395,2100,NFL,2100,Tennessee Titans,Tennessee Titans,TEN,8830,974,551,496,443,-0.04,-0.04,-0.03,8.82,61.7%,26.1%,33,41.8%,16,2100,,2017002,2017:2100,2017,2017
395,4600,NFL,4600,Seattle Seahawks,Seattle Seahawks,SEA,8827,974,489,405,536,0.08,-0.01,0.21,10.03,64.0%,29.0%,49,46.5%,16,4600,,2012002,2012:4600,2012,2012
397,1050,NFL,1050,Cleveland Browns,Cleveland Browns,CLE,8808,973,595,539,393,-0.01,-0.04,0.02,8.59,59.0%,27.7%,38,42.0%,16,1050,,2019002,2019:1050,2019,2019
397,3000,NFL,3000,Minnesota Vikings,Minnesota Vikings,MIN,8817,973,527,454,474,0.04,0.02,0.07,7.21,64.8%,27.3%,38,40.9%,16,3000,,2015002,2015:3000,2015,2015
397,4600,NFL,4600,Seattle Seahawks,Seattle Seahawks,SEA,8827,973,513,420,509,0.05,-0.08,0.20,9.51,63.6%,28.4%,45,43.1%,16,4600,,2013002,2013:4600,2013,2013
397,2100,NFL,2100,Tennessee Titans,Tennessee Titans,TEN,8830,973,477,453,508,-0.00,-0.04,0.03,8.75,58.5%,25.8%,41,42.1%,16,2100,,2008002,2008:2100,2008,2008
397,1400,NFL,1400,Denver Broncos,Denver Broncos,DEN,8810,973,497,454,488,-0.03,-0.01,-0.04,9.66,56.4%,26.4%,34,39.7%,16,1400,,2006002,2006:1400,2006,2006
402,4400,NFL,4400,San Diego Chargers,San Diego Chargers,SD,8825,972,554,519,427,0.15,-0.09,0.31,9.54,65.1%,31.1%,51,44.3%,16,4400,,2009002,2009:4400,2009,2009
402,4900,NFL,4900,Tampa Bay Buccaneers,Tampa Bay Buccaneers,TB,8829,972,600,535,404,-0.15,-0.12,-0.16,6.91,55.3%,22.1%,23,37.4%,16,4900,,2006002,2006:4900,2006,2006
404,3430,NFL,3430,New York Jets,New York Jets,NYJ,8821,971,580,524,410,-0.10,-0.13,-0.06,8.87,57.1%,24.8%,34,38.4%,16,3430,,2018002,2018:3430,2018,2018
404,1050,NFL,1050,Cleveland Browns,Cleveland Browns,CLE,8808,971,477,443,498,-0.13,-0.03,-0.24,8.66,49.4%,22.7%,25,36.6%,16,1050,,2009002,2009:1050,2009,2009
404,810,NFL,810,Chicago Bears,Chicago Bears,CHI,8806,971,612,563,373,-0.06,-0.08,-0.04,8.15,60.4%,24.8%,36,40.2%,16,810,,2009002,2009:810,2009,2009
407,3000,NFL,3000,Minnesota Vikings,Minnesota Vikings,MIN,8817,970,503,466,476,0.09,0.02,0.20,7.59,68.5%,28.6%,47,44.1%,16,3000,,2019002,2019:3000,2019,2019
407,5110,NFL,5110,Washington Redskins,Washington Redskins,WAS,8831,970,604,533,391,-0.03,-0.13,0.04,6.81,63.8%,27.1%,29,41.8%,16,5110,,2009002,2009:5110,2009,2009
409,4500,NFL,4500,San Francisco 49ers,San Francisco 49ers,SF,8826,969,626,526,390,-0.05,-0.08,-0.02,7.42,61.2%,24.5%,24,38.2%,16,4500,,2015002,2015:4500,2015,2015
409,1200,NFL,1200,Dallas Cowboys,Dallas Cowboys,DAL,8809,969,578,528,408,-0.05,-0.01,-0.04,7.68,63.3%,27.8%,26,43.2%,16,1200,,2015002,2015:1200,2015,2015
409,4500,NFL,4500,San Francisco 49ers,San Francisco 49ers,SF,8826,969,514,436,492,0.07,0.03,0.15,8.75,66.3%,31.0%,44,46.6%,16,4500,,2012002,2012:4500,2012,2012
409,2200,NFL,2200,Indianapolis Colts,Indianapolis Colts,IND,8813,969,602,585,370,0.12,-0.05,0.22,8.51,67.2%,31.0%,45,48.5%,16,2200,,2008002,2008:2200,2008,2008
413,2510,NFL,2510,St. Louis Rams,St. Louis Rams,STL,8828,968,557,506,426,-0.03,-0.08,0.00,7.86,59.5%,25.5%,38,40.2%,16,2510,,2013002,2013:2510,2013,2013
413,3410,NFL,3410,New York Giants,New York Giants,NYG,8820,968,568,539,409,0.07,0.01,0.14,9.52,59.9%,30.0%,47,46.1%,16,3410,,2012002,2012:3410,2012,2012
413,2120,NFL,2120,Houston Texans,Houston Texans,HOU,13974,968,560,529,417,0.01,-0.02,0.05,8.41,65.4%,29.5%,43,45.2%,16,2120,,2007002,2007:2120,2007,2007
416,5110,NFL,5110,Washington Football Team,Washington Football Team,WAS,8831,967,592,509,414,-0.04,0.01,-0.04,8.24,61.1%,26.1%,29,41.3%,16,5110,,2018002,2018:5110,2018,2018
416,810,NFL,810,Chicago Bears,Chicago Bears,CHI,8806,967,590,559,380,-0.02,-0.04,0.02,9.22,62.1%,31.5%,32,45.4%,16,810,,2016002,2016:810,2016,2016
418,3410,NFL,3410,New York Giants,New York Giants,NYG,8820,966,591,517,399,-0.04,-0.01,-0.04,7.72,62.1%,27.8%,27,41.2%,16,3410,,2020002,2020:3410,2020,2020
418,4900,NFL,4900,Tampa Bay Buccaneers,Tampa Bay Buccaneers,TB,8829,966,648,588,346,-0.10,-0.12,-0.08,7.48,62.1%,26.3%,30,43.7%,16,4900,,2011002,2011:4900,2011,2011
420,2700,NFL,2700,Miami Dolphins,Miami Dolphins,MIA,8816,965,527,491,448,0.07,-0.01,0.15,8.29,67.2%,30.6%,40,47.3%,16,2700,,2008002,2008:2700,2008,2008
420,1540,NFL,1540,Detroit Lions,Detroit Lions,DET,8811,965,654,587,324,-0.03,-0.07,-0.00,8.87,62.7%,28.6%,37,43.4%,16,1540,,2007002,2007:1540,2007,2007
422,4600,NFL,4600,Seattle Seahawks,Seattle Seahawks,SEA,8827,964,595,544,385,-0.09,-0.10,-0.05,8.41,59.6%,24.9%,33,39.9%,16,4600,,2010002,2010:4600,2010,2010
422,3000,NFL,3000,Minnesota Vikings,Minnesota Vikings,MIN,8817,964,493,432,494,-0.00,0.01,0.01,9.03,57.6%,27.9%,43,42.6%,16,3000,,2007002,2007:3000,2007,2007
424,1540,NFL,1540,Detroit Lions,Detroit Lions,DET,8811,963,671,596,304,-0.07,-0.15,-0.01,8.69,62.4%,27.1%,31,42.0%,16,1540,,2006002,2006:1540,2006,2006
425,2310,NFL,2310,Kansas City Chiefs,Kansas City Chiefs,KC,8815,962,579,493,420,0.05,-0.02,0.10,5.89,64.9%,28.7%,40,43.1%,16,2310,,2014002,2014:2310,2014,2014
425,750,NFL,750,Carolina Panthers,Carolina Panthers,CAR,8805,962,550,484,428,-0.21,-0.14,-0.25,6.86,52.9%,21.1%,17,33.2%,16,750,,2010002,2010:750,2010,2010
427,4500,NFL,4500,San Francisco 49ers,San Francisco 49ers,SF,8826,961,503,417,505,0.02,-0.09,0.15,9.47,58.5%,27.4%,44,41.3%,16,4500,,2013002,2013:4500,2013,2013
427,4900,NFL,4900,Tampa Bay Buccaneers,Tampa Bay Buccaneers,TB,8829,961,594,524,404,-0.13,-0.13,-0.10,8.96,53.2%,23.7%,28,37.3%,16,4900,,2009002,2009:4900,2009,2009
427,4500,NFL,4500,San Francisco 49ers,San Francisco 49ers,SF,8826,961,593,509,397,-0.05,-0.13,-0.01,8.43,60.7%,27.0%,36,43.0%,16,4500,,2008002,2008:4500,2008,2008
430,2510,NFL,2510,Los Angeles Rams,Los Angeles Rams,LA,8828,960,595,536,375,-0.16,-0.11,-0.18,7.29,58.2%,22.8%,24,36.4%,16,2510,,2016002,2016:2510,2016,2016
431,2510,NFL,2510,St. Louis Rams,St. Louis Rams,STL,8828,957,568,515,395,-0.06,-0.08,-0.03,8.07,63.5%,28.0%,36,42.7%,16,2510,,2014002,2014:2510,2014,2014
431,1200,NFL,1200,Dallas Cowboys,Dallas Cowboys,DAL,8809,957,629,586,336,0.08,0.04,0.11,7.97,64.0%,30.6%,51,46.4%,16,1200,,2013002,2013:1200,2013,2013
431,2100,NFL,2100,Tennessee Titans,Tennessee Titans,TEN,8830,957,615,540,378,-0.10,-0.12,-0.06,8.86,58.9%,24.7%,36,38.3%,16,2100,,2012002,2012:2100,2012,2012
431,2310,NFL,2310,Kansas City Chiefs,Kansas City Chiefs,KC,8815,957,607,541,379,-0.03,-0.04,-0.02,8.50,57.3%,26.6%,35,41.5%,16,2310,,2008002,2008:2310,2008,2008
435,3430,NFL,3430,New York Jets,New York Jets,NYJ,8821,956,581,521,383,-0.11,-0.12,-0.08,7.88,62.0%,23.3%,31,37.0%,16,3430,,2019002,2019:3430,2019,2019
435,610,NFL,610,Buffalo Bills,Buffalo Bills,BUF,8804,956,538,479,439,-0.04,-0.05,-0.03,7.32,64.5%,28.7%,35,44.1%,16,610,,2008002,2008:610,2008,2008
437,2310,NFL,2310,Kansas City Chiefs,Kansas City Chiefs,KC,8815,955,573,473,436,0.04,-0.02,0.08,6.70,65.5%,28.4%,45,43.5%,16,2310,,2015002,2015:2310,2015,2015
437,4900,NFL,4900,Tampa Bay Buccaneers,Tampa Bay Buccaneers,TB,8829,955,567,494,431,0.05,-0.10,0.16,8.78,61.9%,28.2%,39,42.0%,16,4900,,2010002,2010:4900,2010,2010
437,2120,NFL,2120,Houston Texans,Houston Texans,HOU,13974,955,548,481,431,-0.04,-0.02,-0.03,5.72,68.4%,27.4%,30,43.1%,16,2120,,2006002,2006:2120,2006,2006
440,1400,NFL,1400,Denver Broncos,Denver Broncos,DEN,8810,954,565,504,409,-0.03,-0.05,0.01,6.97,61.9%,24.9%,28,40.8%,16,1400,,2019002,2019:1400,2019,2019
440,610,NFL,610,Buffalo Bills,Buffalo Bills,BUF,8804,954,586,519,401,-0.08,-0.08,-0.07,8.66,57.0%,26.0%,34,40.6%,16,610,,2010002,2010:610,2010,2010
442,2520,NFL,2520,Oakland Raiders,Oakland Raiders,OAK,8822,952,592,558,370,-0.02,-0.07,0.03,8.34,62.2%,26.9%,36,42.0%,16,2520,,2017002,2017:2520,2017,2017
443,2200,NFL,2200,Indianapolis Colts,Indianapolis Colts,IND,8813,951,575,534,382,-0.10,-0.09,-0.08,8.08,56.6%,25.1%,25,40.3%,16,2200,,2011002,2011:2200,2011,2011
444,2100,NFL,2100,Tennessee Titans,Tennessee Titans,TEN,8830,949,529,448,445,0.09,0.02,0.15,8.70,66.3%,29.6%,54,44.4%,16,2100,,2019002,2019:2100,2019,2019
444,2520,NFL,2520,Oakland Raiders,Oakland Raiders,OAK,8822,949,570,483,394,-0.23,-0.19,-0.22,9.21,54.5%,22.9%,16,37.0%,16,2520,,2006002,2006:2520,2006,2006
446,3430,NFL,3430,New York Jets,New York Jets,NYJ,8821,948,570,499,406,-0.07,-0.08,-0.06,8.51,58.5%,25.3%,26,41.7%,16,3430,,2020002,2020:3430,2020,2020
447,4400,NFL,4400,Los Angeles Chargers,Los Angeles Chargers,LAC,8825,945,552,512,399,0.13,0.04,0.22,7.73,68.0%,33.1%,51,48.0%,16,4400,,2018002,2018:4400,2018,2018
447,4500,NFL,4500,San Francisco 49ers,San Francisco 49ers,SF,8826,945,565,500,401,-0.04,-0.07,-0.02,8.20,56.4%,24.8%,34,39.6%,16,4500,,2010002,2010:4500,2010,2010
447,2100,NFL,2100,Tennessee Titans,Tennessee Titans,TEN,8830,945,514,447,469,-0.06,-0.07,-0.03,9.89,50.6%,25.2%,36,37.8%,16,2100,,2006002,2006:2100,2006,2006
450,2520,NFL,2520,Oakland Raiders,Oakland Raiders,OAK,8822,944,550,485,410,-0.16,-0.09,-0.20,9.83,52.6%,22.5%,17,35.7%,16,2520,,2009002,2009:2520,2009,2009
451,2120,NFL,2120,Houston Texans,Houston Texans,HOU,13974,940,656,546,344,0.12,-0.08,0.23,8.86,70.1%,32.4%,44,49.5%,16,2120,,2020002,2020:2120,2020,2020
452,4500,NFL,4500,San Francisco 49ers,San Francisco 49ers,SF,8826,939,584,528,371,-0.04,-0.06,-0.03,7.16,59.1%,22.8%,39,35.6%,16,4500,,2009002,2009:4500,2009,2009
453,2100,NFL,2100,Tennessee Titans,Tennessee Titans,TEN,8830,938,518,437,454,0.01,-0.01,0.04,7.47,67.0%,27.9%,34,43.8%,16,2100,,2018002,2018:2100,2018,2018
453,920,NFL,920,Cincinnati Bengals,Cincinnati Bengals,CIN,8807,938,599,542,359,0.04,-0.02,0.10,8.04,61.1%,29.2%,45,43.4%,16,920,,2018002,2018:920,2018,2018
453,750,NFL,750,Carolina Panthers,Carolina Panthers,CAR,8805,938,437,414,504,0.06,0.08,0.06,9.61,59.4%,28.8%,47,42.3%,16,750,,2008002,2008:750,2008,2008
453,1050,NFL,1050,Cleveland Browns,Cleveland Browns,CLE,8808,938,583,512,372,-0.15,-0.15,-0.14,7.50,62.1%,24.0%,25,39.9%,16,1050,,2006002,2006:1050,2006,2006
457,3900,NFL,3900,Pittsburgh Steelers,Pittsburgh Steelers,PIT,8824,937,563,510,395,-0.12,-0.19,-0.06,7.89,61.8%,23.7%,29,37.8%,16,3900,,2019002,2019:3900,2019,2019
458,4900,NFL,4900,Tampa Bay Buccaneers,Tampa Bay Buccaneers,TB,8829,936,603,531,353,-0.08,-0.12,-0.03,10.32,56.7%,25.0%,31,37.2%,16,4900,,2014002,2014:4900,2014,2014
458,810,NFL,810,Chicago Bears,Chicago Bears,CHI,8806,936,552,466,414,-0.09,-0.13,-0.05,8.91,59.2%,25.5%,37,39.4%,16,810,,2010002,2010:810,2010,2010
460,810,NFL,810,Chicago Bears,Chicago Bears,CHI,8806,934,536,473,422,-0.07,-0.06,-0.06,7.37,61.5%,25.4%,31,37.0%,16,810,,2017002,2017:810,2017,2017
461,3800,NFL,3800,Arizona Cardinals,Arizona Cardinals,ARI,8801,931,621,561,320,-0.16,-0.07,-0.20,9.39,50.8%,23.5%,31,37.4%,16,3800,,2010002,2010:3800,2010,2010
462,920,NFL,920,Cincinnati Bengals,Cincinnati Bengals,CIN,8807,927,561,510,377,-0.06,-0.11,-0.02,8.17,59.6%,25.6%,34,38.6%,16,920,,2017002,2017:920,2017,2017
462,1050,NFL,1050,Cleveland Browns,Cleveland Browns,CLE,8808,927,532,478,413,-0.06,-0.07,-0.06,8.18,61.9%,26.0%,29,40.7%,16,1050,,2010002,2010:1050,2010,2010
462,4600,NFL,4600,Seattle Seahawks,Seattle Seahawks,SEA,8827,927,530,474,417,-0.05,-0.05,-0.03,8.53,55.3%,26.4%,32,38.5%,16,4600,,2008002,2008:4600,2008,2008
465,4500,NFL,4500,San Francisco 49ers,San Francisco 49ers,SF,8826,925,578,513,357,-0.21,-0.13,-0.24,8.43,53.4%,22.2%,24,36.1%,16,4500,,2007002,2007:4500,2007,2007
466,4400,NFL,4400,San Diego Chargers,San Diego Chargers,SD,8825,924,515,478,421,0.12,-0.01,0.21,8.94,65.3%,30.6%,51,44.7%,16,4400,,2008002,2008:4400,2008,2008
467,1050,NFL,1050,Cleveland Browns,Cleveland Browns,CLE,8808,921,523,488,409,-0.14,-0.04,-0.21,8.10,48.8%,22.9%,20,36.5%,16,1050,,2008002,2008:1050,2008,2008
468,2510,NFL,2510,St. Louis Rams,St. Louis Rams,STL,8828,920,495,473,429,-0.10,-0.05,-0.11,8.05,57.7%,23.7%,31,36.1%,16,2510,,2015002,2015:2510,2015,2015
469,2100,NFL,2100,Tennessee Titans,Tennessee Titans,TEN,8830,919,591,513,356,-0.09,-0.11,-0.04,9.16,58.3%,25.5%,28,39.1%,16,2100,,2014002,2014:2100,2014,2014
469,2520,NFL,2520,Oakland Raiders,Oakland Raiders,OAK,8822,919,468,421,459,-0.15,-0.10,-0.18,9.43,52.7%,22.9%,27,38.4%,16,2520,,2008002,2008:2520,2008,2008
469,610,NFL,610,Buffalo Bills,Buffalo Bills,BUF,8804,919,485,445,448,-0.10,-0.07,-0.11,7.53,59.1%,25.2%,25,41.8%,16,610,,2007002,2007:610,2007,2007
472,4500,NFL,4500,San Francisco 49ers,San Francisco 49ers,SF,8826,918,491,444,439,-0.05,-0.04,-0.05,7.90,57.9%,24.9%,30,40.5%,16,4500,,2006002,2006:4500,2006,2006
473,1540,NFL,1540,Detroit Lions,Detroit Lions,DET,8811,913,569,509,352,-0.12,-0.03,-0.16,9.88,55.2%,23.3%,29,37.5%,16,1540,,2008002,2008:1540,2008,2008
474,2700,NFL,2700,Miami Dolphins,Miami Dolphins,MIA,8816,912,519,477,405,0.02,-0.03,0.10,7.97,66.2%,28.2%,45,42.0%,16,2700,,2016002,2016:2700,2016,2016
475,610,NFL,610,Buffalo Bills,Buffalo Bills,BUF,8804,911,514,441,424,-0.11,-0.06,-0.11,8.31,58.0%,22.7%,25,38.6%,16,610,,2009002,2009:610,2009,2009
476,2100,NFL,2100,Tennessee Titans,Tennessee Titans,TEN,8830,907,512,474,406,-0.01,-0.08,0.04,10.40,57.6%,25.1%,40,37.5%,16,2100,,2010002,2010:2100,2010,2010
477,3800,NFL,3800,Arizona Cardinals,Arizona Cardinals,ARI,8801,902,561,495,355,-0.17,-0.09,-0.20,8.04,57.2%,23.6%,27,36.5%,16,3800,,2018002,2018:3800,2018,2018
478,610,NFL,610,Buffalo Bills,Buffalo Bills,BUF,8804,898,492,431,420,-0.07,-0.11,-0.01,8.93,62.2%,23.8%,33,40.6%,16,610,,2006002,2006:610,2006,2006
479,5110,NFL,5110,Washington Football Team,Washington Football Team,WAS,8831,885,543,479,356,-0.09,-0.07,-0.08,7.60,62.2%,25.8%,28,39.8%,16,5110,,2019002,2019:5110,2019,2019
480,2700,NFL,2700,Miami Dolphins,Miami Dolphins,MIA,8816,878,516,455,371,-0.06,-0.06,-0.04,8.13,64.2%,26.0%,38,41.8%,16,2700,,2018002,2018:2700,2018,2018
